Date,Open,High,Low,Close,Volume,RSI_14,MACD,MACD_Signal,MACD_Hist,SMA200,Dist_SMA200,High_52w,Dist_52w_High,Vol_MA20,Vol_Ratio,Chg_5d,Chg_10d,Chg_20d,Daily_Ret,Consec_Down,VIX,Month,Quarter,Fwd_90d,Fwd_90d_pct,RSI_Bucket,Dist52w_Bucket,Dist200_Bucket,Vol_Bucket,MACD_Cond,VIX_Bucket,Consec_Bucket,Chg5d_Bucket,Month_Name,Composite_Score
2024-01-03,47.45599156277329,48.15456203597886,47.2910914479061,47.539939880371094,320896000,46.73495209396185,0.44340668014421425,0.5888219373246839,-0.14541525718046966,40.78890191078186,16.551163805183762,50.373775482177734,-5.625616850595709,366858850.0,0.8747124404931216,-3.4700275384748958,-5.008283556406889,4.533479574790333,-0.012435616160024865,2,14.039999961853027,1,1,0.9004658044937095,90.04658044937095,RSI 45-50,<10% below,10-20% above,Normal (0.75-1x),MACD_Below_Signal,VIX<15,2 days,0-5% drop,Jan,0
2024-01-04,47.737819636783634,48.47037358886087,47.4789789763883,47.96868133544922,306535000,49.24282118734985,0.3612075403573556,0.5432990579312182,-0.18209151757386266,40.89935985565185,17.284675126328324,50.373775482177734,-4.774496498836858,363599700.0,0.8430562511465218,-2.8714655865254235,-3.237633919017946,3.075197413148789,0.00901855274022223,0,14.130000114440918,1,1,0.9034186257455643,90.34186257455643,RSI 45-50,<10% below,10-20% above,Normal (0.75-1x),MACD_Below_Signal,VIX<15,0-1 days,0-5% drop,Jan,0
2024-01-05,48.43239854255895,49.51673484987403,48.27649179251623,49.06700897216797,415039000,55.077864122529974,0.3803060595177712,0.5107004582485288,-0.13039439873075764,41.01381574630737,19.635318195395303,50.373775482177734,-2.5941404977121483,365322150.0,1.1360904341551696,-0.8582033325972405,2.049434697113406,7.898398211566926,0.02289676526728024,0,13.350000381469727,1,1,0.9274992299392768,92.74992299392768,RSI>50,<10% below,10-20% above,Moderate (1-1.5x),MACD_Below_Signal,VIX<15,0-1 days,0-5% drop,Jan,0
2024-01-08,49.48175412771333,52.24306669740862,49.44877334196531,52.22107696533203,642510000,66.85997760482019,0.6425418781492169,0.5370687422286665,0.10547313592055041,41.14269817352295,26.92671915946067,52.22107696533203,0.0,379906500.0,1.6912319215385891,5.514713505084989,6.660540512828272,12.140539695682895,0.06428082859000295,0,13.079999923706055,1,1,0.8058949371347641,80.58949371347641,RSI>50,<10% below,>20% above,High (1.5-2x),MACD_Hist_Pos,VIX<15,0-1 days,>5% gain,Jan,0
2024-01-09,52.368989354850214,54.291813775257275,51.658421354299875,53.10753631591797,773100000,69.29729403038036,0.9113895830707506,0.6119329103970834,0.29945667267366716,41.272401084899904,28.67566441475613,53.10753631591797,0.0,400600300.0,1.9298537719517435,10.322208044574488,8.82653756775753,11.859554283551766,0.01697512579402427,0,12.760000228881836,1,1,0.7403714829854886,74.03714829854886,RSI>50,<10% below,>20% above,High (1.5-2x),MACD_Hist_Pos,VIX<15,0-1 days,>5% gain,Jan,0
2024-01-10,53.58324641272958,54.566642620850935,53.45632128428564,54.316795349121094,533796000,72.2910996965833,1.2081041513067206,0.7311671585790109,0.4769369927277096,41.41020848274231,31.16764522390076,54.316795349121094,0.0,401803700.0,1.328499463792892,14.255077910917002,10.29039524330222,16.563352757254247,0.022770008121063556,0,12.6899995803833,1,1,0.7439643532309064,74.39643532309064,RSI>50,<10% below,>20% above,Moderate (1-1.5x),MACD_Hist_Pos,VIX<15,0-1 days,>5% gain,Jan,0
2024-01-11,54.9654031964735,55.31219134586392,53.527283064841185,54.788509368896484,596759000,73.3814727323095,1.4644348698633465,0.877820700835878,0.5866141690274684,41.551613340377806,31.856515221409502,54.788509368896484,0.0,413022300.0,1.4448590306140854,14.21725143068997,10.9375423619825,15.034505195922975,0.008684496512422202,0,12.4399995803833,1,1,0.7400036581428595,74.00036581428596,RSI>50,<10% below,>20% above,Moderate (1-1.5x),MACD_Hist_Pos,VIX<15,0-1 days,>5% gain,Jan,0
2024-01-12,54.58663334731275,54.93642183109273,54.29681339629927,54.676578521728516,352994000,72.65091824791094,1.639646107478491,1.0301857821644007,0.6094603253140902,41.69306303024292,31.14070914403132,54.788509368896484,-0.20429620819637057,408282400.0,0.8645829455298587,11.432466879614434,10.476149735258256,13.77059517415038,-0.0020429620819637506,1,12.699999809265137,1,1,0.7355957736258294,73.55957736258294,RSI>50,<10% below,>20% above,Normal (0.75-1x),MACD_Hist_Pos,VIX<15,0-1 days,>5% gain,Jan,0
2024-01-16,54.984391900558016,56.800279452629056,54.86646395445467,56.347557067871094,449580000,76.4243434820793,1.891531877296849,1.2024550011908905,0.6890768761059585,41.84000016212463,34.67389304381343,56.347557067871094,0.0,411199800.0,1.0933371076542353,7.9019437023072125,13.852426763907566,16.612208541003536,0.030561139546771976,0,13.84000015258789,1,1,0.841081825994332,84.1081825994332,RSI>50,<10% below,>20% above,Moderate (1-1.5x),MACD_Hist_Pos,VIX<15,0-1 days,>5% gain,Jan,0
2024-01-17,56.3125759716749,56.43650076516492,54.70655929384397,56.01875686645508,474394000,74.25336740387365,2.0410932834256528,1.370182657637843,0.6709106257878097,41.98330003738403,33.43104714630144,56.347557067871094,-0.5835216618530118,410922100.0,1.1544621231128722,5.4817465702405865,16.369791900271636,14.651245839446503,-0.005835216618530148,1,14.789999961853027,1,1,0.8995233293117642,89.95233293117641,RSI>50,<10% below,>20% above,Moderate (1-1.5x),MACD_Hist_Pos,VIX<15,0-1 days,>5% gain,Jan,0
2024-01-18,57.225023275703855,57.56481575240513,56.07272766296372,57.07211685180664,491650000,76.55146496281714,2.2190394177320982,1.5399540096566942,0.6790854080754041,42.12989845275879,35.46701736251015,57.07211685180664,0.0,414875250.0,1.1850550255769656,5.072687895108174,20.0508814176505,14.038392864288785,0.018803701550584195,0,14.130000114440918,1,1,0.9946124329119097,99.46124329119097,RSI>50,<10% below,>20% above,Moderate (1-1.5x),MACD_Hist_Pos,VIX<15,0-1 days,>5% gain,Jan,0
2024-01-19,57.95356591802426,59.46364425125691,57.190032799056404,59.45465087890625,543501000,80.73912182970544,2.5232274007011455,1.7366086878655846,0.7866187128355608,42.28747037887573,40.5963760570701,59.45465087890625,0.0,418828100.0,1.297670810530621,8.516642565674083,23.944726483379085,19.931849977919192,0.04174602517874182,0,13.300000190734863,1,1,0.9302145302611116,93.02145302611116,RSI>50,<10% below,>20% above,Moderate (1-1.5x),MACD_Hist_Pos,VIX<15,0-1 days,>5% gain,Jan,0
2024-01-22,60.01232052303933,60.29414976562131,59.03391842649556,59.61756134033203,452955000,80.98912869843575,2.745792297093189,1.9384454097111057,0.8073468873820833,42.44841459274292,40.44708598027213,59.61756134033203,0.0,421581150.0,1.0744194800929785,9.036744712619438,21.502334438499403,23.992445438284783,0.002740079354895064,0,13.1899995803833,1,1,0.8524355618040149,85.2435561804015,RSI>50,<10% below,>20% above,Moderate (1-1.5x),MACD_Hist_Pos,VIX<15,0-1 days,>5% gain,Jan,0
2024-01-23,59.53360947543731,59.8734019281728,58.549210583878605,59.83642578125,294654000,81.33956456319211,2.906334694999572,2.1320232667687993,0.7743114282307726,42.61331058502197,40.417219314290335,59.83642578125,0.0,421292600.0,0.6994046418095167,6.19169471566714,14.582902648625119,22.21474330031137,0.0036711404491800437,0,12.550000190734863,1,1,0.831178470153821,83.1178470153821,RSI>50,<10% below,>20% above,Low (<0.75x),MACD_Hist_Pos,VIX<15,0-1 days,>5% gain,Jan,0
2024-01-24,60.26715642389318,62.810599654408506,59.901378913458146,61.32450866699219,560271000,83.55867959905719,3.1177026193444064,2.329159137283921,0.7885434820604855,42.784867706298826,43.332238603519016,61.32450866699219,0.0,436680800.0,1.2830218319651334,9.471384402880734,15.472328262780554,25.664536697259187,0.024869180709127248,0,13.140000343322754,1,1,0.8742120790860728,87.42120790860727,RSI>50,<10% below,>20% above,Moderate (1-1.5x),MACD_Hist_Pos,VIX<15,0-1 days,>5% gain,Jan,0
2024-01-25,62.311911094050835,62.68068897905718,60.8128273903059,61.57936096191406,482777000,83.91155248599625,3.2681049924933063,2.516948308325798,0.7511566841675084,42.95499147415161,43.3578702930712,61.57936096191406,0.0,448609650.0,1.0761627619914105,7.897453885950867,13.370754968353427,25.037053744912697,0.0041557983987412506,0,13.449999809265137,1,1,0.8897781406533991,88.97781406533991,RSI>50,<10% below,>20% above,Moderate (1-1.5x),MACD_Hist_Pos,VIX<15,0-1 days,>5% gain,Jan,0
2024-01-26,60.92276141821586,61.74526054571479,60.53600059416135,60.993717193603516,390309000,79.67943694986619,3.3019802264912457,2.6739546919588877,0.628025534532358,43.1242352104187,41.43721481898325,61.57936096191406,-0.95103904808749,456442700.0,0.8551106195805082,2.58863905841773,11.325746760012677,23.50204747168241,-0.009510390480874875,1,13.260000228881836,1,1,1.0062876439172421,100.62876439172422,RSI>50,<10% below,>20% above,Normal (0.75-1x),MACD_Hist_Pos,VIX<15,0-1 days,0-5% gain,Jan,0
2024-01-29,61.1945932389414,62.450825336358335,60.869794823781135,62.426841735839844,348733000,82.06345549229353,3.405214573004322,2.820206668167975,0.5850079048363472,43.30401159286499,44.15948878538921,62.426841735839844,0.0,461550000.0,0.7555692774347308,4.712169254073961,14.17474067261062,26.135857465316125,0.02349626499541535,0,13.600000381469727,1,1,0.9371435876296119,93.7143587629612,RSI>50,<10% below,>20% above,Normal (0.75-1x),MACD_Hist_Pos,VIX<15,0-1 days,0-5% gain,Jan,0
2024-01-30,62.861575397836866,63.45421163481392,62.221963176710254,62.73564910888672,410735000,82.53882973835631,3.471924525837345,2.950550239701849,0.521374286135496,43.48549188613892,44.26799925168566,62.73564910888672,0.0,462622100.0,0.8878412855762835,4.845248174140115,11.336945864966452,26.759814752082335,0.004946708250172183,0,13.3100004196167,1,1,0.9258558460063966,92.58558460063966,RSI>50,<10% below,>20% above,Normal (0.75-1x),MACD_Hist_Pos,VIX<15,0-1 days,0-5% gain,Jan,0
2024-01-31,61.40246556305648,62.230961514394274,60.66291975637589,61.48941421508789,453795000,74.0136134295831,3.385209317573427,3.0374820552761648,0.34772726229726203,43.659267311096194,40.83931774883471,62.73564910888672,-1.9864860115431477,464749150.0,0.9764299730295365,0.26890643183328233,9.765759996557023,27.734186485745017,-0.019864860115431426,1,14.350000381469727,1,1,0.979548958157106,97.9548958157106,RSI>50,<10% below,>20% above,Normal (0.75-1x),MACD_Hist_Pos,VIX<15,0-1 days,0-5% gain,Jan,0
2024-02-01,62.06205926012063,63.15239614325578,61.612337231861346,62.988494873046875,369146000,77.08027766942097,3.398276949710116,3.109641034162955,0.28863591554716095,43.839319190979005,43.68036738583357,62.988494873046875,0.0,467161650.0,0.7901890063107706,2.2883217511859844,10.366494792198955,32.49594978780017,0.024379491609974435,0,13.880000114440918,2,1,0.9186320589029011,91.86320589029012,RSI>50,<10% below,>20% above,Normal (0.75-1x),MACD_Hist_Pos,VIX<15,0-1 days,0-5% gain,Feb,0
2024-02-02,63.93491403332179,66.55930912654547,63.65108714697043,66.11958312988281,476578000,81.88802063454582,3.619561742388626,3.2116251758080896,0.40793656658053656,44.031704454422,50.16357860578478,66.11958312988281,0.0,475663800.0,1.0019219457103945,8.403924489483083,11.210110819675489,37.83906767730958,0.04970889149116253,0,13.850000381469727,2,1,0.8926262106201563,89.26262106201564,RSI>50,<10% below,>20% above,Moderate (1-1.5x),MACD_Hist_Pos,VIX<15,0-1 days,>5% gain,Feb,0
2024-02-05,68.1833239064927,69.45455008972388,67.16395031831868,69.2896499633789,680078000,85.25938242709987,4.004567276163343,3.3702135958791404,0.6343536802842022,44.23862121582031,56.62705585995981,69.2896499633789,0.0,488915750.0,1.3909922108256894,10.993361247681154,16.22355629045764,41.214334060349444,0.04794444676502163,0,13.670000076293945,2,1,0.8696519782737882,86.96519782737882,RSI>50,<10% below,>20% above,Moderate (1-1.5x),MACD_Hist_Pos,VIX<15,0-1 days,>5% gain,Feb,0
2024-02-06,69.58745829595591,69.71138308978904,66.25949848302591,68.18132019042969,683111000,79.67534087987502,4.172159923003278,3.530602861303968,0.6415570616993098,44.44412767410278,53.409063825901946,69.2896499633789,-1.5995603579105904,490945800.0,1.3914183602344699,8.680345479635076,13.94617793463626,30.56283813467342,-0.0159956035791059,1,13.0600004196167,2,1,0.9333218599964954,93.33218599964954,RSI>50,<10% below,>20% above,Moderate (1-1.5x),MACD_Hist_Pos,VIX<15,0-1 days,>5% gain,Feb,0
2024-02-07,68.27725642617484,70.17709586585252,67.55869397580136,70.05616760253906,495575000,81.84184620022492,4.405479198581716,3.705578128759518,0.6999010698221979,44.6589334487915,56.86932533413385,70.05616760253906,0.0,477069550.0,1.0387898368277748,13.932078385858349,14.238449072559266,31.913796915375016,0.02749796288591866,0,12.829999923706055,2,1,0.8687417518858356,86.87417518858356,RSI>50,<10% below,>20% above,Moderate (1-1.5x),MACD_Hist_Pos,VIX<15,0-1 days,>5% gain,Feb,0
2024-02-08,70.03117613467934,70.75073737144197,69.41255872885704,69.59844207763672,414422000,79.61068106040425,4.501560592577377,3.8647746215230905,0.6367859710542865,44.87183526039124,55.10495987908004,70.05616760253906,-0.6533693471490357,471100850.0,0.8796884998190939,10.493896096282619,13.022351954386702,28.134293693677748,-0.006533693471490354,1,12.789999961853027,2,1,0.9470931301355003,94.70931301355003,RSI>50,<10% below,>20% above,Normal (0.75-1x),MACD_Hist_Pos,VIX<15,0-1 days,>5% gain,Feb,0
2024-02-09,70.48991468195457,72.14090604638328,70.16911160679686,72.08894348144531,436637000,82.4191103235252,4.724210678859812,4.0366618329904345,0.6875488458693777,45.10119103431702,59.838225617131926,72.08894348144531,0.0,463094750.0,0.9428675233308087,9.028127627236415,18.190769145326602,31.576756352437485,0.0357838671306816,0,12.930000305175781,2,1,0.813273414879834,81.32734148798339,RSI>50,<10% below,>20% above,Normal (0.75-1x),MACD_Hist_Pos,VIX<15,0-1 days,>5% gain,Feb,0
2024-02-12,72.55564739281085,74.56542046599529,71.2064736279646,72.20386505126953,613710000,82.5386297590995,4.853982003553014,4.200125867102951,0.653856136450063,45.32754956245422,59.29355490921472,72.20386505126953,0.0,476130550.0,1.2889532083165005,4.205844724906038,15.661569676712638,32.05629723625749,0.001594163602270049,0,13.930000305175781,2,1,0.7521085640652563,75.21085640652562,RSI>50,<10% below,>20% above,Moderate (1-1.5x),MACD_Hist_Pos,VIX<15,0-1 days,0-5% gain,Feb,0
2024-02-13,70.35700477469595,73.40513741451034,69.57748237910234,72.08394622802734,602580000,81.91285185685186,4.890772485677324,4.338255190817826,0.5525172948594985,45.55195969581604,58.245543571308254,72.20386505126953,-0.1660836620824068,483780550.0,1.2455647503811387,5.723893328403817,14.90109252383014,27.927367181511762,-0.0016608366208240577,1,15.850000381469727,2,1,0.6377166328312511,63.771663283125115,RSI>50,<10% below,>20% above,Moderate (1-1.5x),MACD_Hist_Pos,VIX 15-20,0-1 days,>5% gain,Feb,0
2024-02-14,73.15730185072407,74.19066701109121,71.89407378756496,73.85487365722656,504917000,83.85906238304341,5.005132202654693,4.471630593185199,0.5335016094694938,45.782611770629885,61.316427352895985,73.85487365722656,0.0,485306700.0,1.0404080553596313,5.422372054719449,20.1098995656142,31.839544089297767,0.024567570476748513,0,14.380000114440918,2,1,0.7064444037202957,70.64444037202958,RSI>50,<10% below,>20% above,Moderate (1-1.5x),MACD_Hist_Pos,VIX<15,0-1 days,>5% gain,Feb,0
2024-02-15,73.82388341395547,73.9298138493264,72.35577892403286,72.61361694335938,420122000,77.55963589312893,4.938674098295365,4.565039294207232,0.373634804088133,46.00125768661499,57.851373190798206,73.85487365722656,-1.6806700118777236,481730300.0,0.8721103903989431,4.332244768294147,15.2807621291982,27.231336331728805,-0.016806700118777274,1,14.010000228881836,2,1,0.7398814954843715,73.98814954843715,RSI>50,<10% below,>20% above,Normal (0.75-1x),MACD_Hist_Pos,VIX<15,0-1 days,0-5% gain,Feb,0
2024-02-16,74.05472502125532,74.35654245789623,72.45670295069786,72.56863403320312,495327000,77.33291787920453,4.826736216311403,4.617378678628067,0.20935753768333587,46.223175611495975,56.996210392682066,73.85487365722656,-1.7415771774156725,479321600.0,1.0333917770448902,0.6654148730606435,9.753617004287584,22.05711909907042,-0.0006194831224470843,2,14.239999771118164,2,1,0.707765980397228,70.7765980397228,RSI>50,<10% below,>20% above,Moderate (1-1.5x),MACD_Hist_Pos,VIX<15,2 days,0-5% gain,Feb,0
2024-02-20,71.90303947909813,71.91203666406658,67.69261615478561,69.4095687866211,704833000,63.33166490028641,4.4320248507412145,4.580307913050697,-0.14828306230948218,46.431336402893066,49.4886302309754,73.85487365722656,-6.018972953954141,491915500.0,1.4328334846127029,-3.8700092615046366,0.17306888302301981,16.424703101139173,-0.0435321029349488,3,15.420000076293945,2,1,0.7790120768536846,77.90120768536846,RSI>50,<10% below,>20% above,Moderate (1-1.5x),MACD_Below_Signal,VIX 15-20,3 days,0-5% drop,Feb,1
2024-02-21,67.96446422295412,68.8459293516135,66.20754225691248,67.43079376220703,673755000,56.438757311307455,3.914419649549302,4.447130260350418,-0.5327106108011161,46.63080224990845,44.60569089252463,73.85487365722656,-8.698247762002564,510870550.0,1.3188370321992529,-6.455185529244922,-1.1007801346856305,12.691881043698228,-0.028508677679546124,4,15.34000015258789,2,1,0.8424832000854463,84.24832000854462,RSI>50,<10% below,>20% above,Moderate (1-1.5x),MACD_Below_Signal,VIX 15-20,4 days,5-10% drop,Feb,1
2024-02-22,74.97917375100998,78.52700071768926,74.17466516688725,78.49002838134766,865100000,73.68029277307953,4.346497884335534,4.427003785147441,-0.08050590081190734,46.87997922897339,67.42760912495925,78.49002838134766,0.0,526112000.0,1.6443266832917707,6.276030943649924,12.038712746403402,27.991287802351007,0.1640086672884311,0,14.539999961853027,2,1,0.5621205412795391,56.21205412795391,RSI>50,<10% below,>20% above,High (1.5-2x),MACD_Below_Signal,VIX<15,0-1 days,>5% gain,Feb,0
2024-02-23,80.7406386857603,82.34365493003914,77.5226048674375,78.76884460449219,829388000,73.96012149217711,4.657729728429331,4.473148973803819,0.18458075462551182,47.12819736480713,67.13740182923405,78.76884460449219,0.0,543442550.0,1.5261742018544555,8.476685118073735,13.17616063392042,27.914358600131585,0.0035522502526039723,0,13.75,2,1,0.6277777185867639,62.77777185867639,RSI>50,<10% below,>20% above,High (1.5-2x),MACD_Hist_Pos,VIX<15,0-1 days,>5% gain,Feb,0
2024-02-26,79.65130857177527,80.596737435313,78.4570388969918,79.04368591308594,503973000,74.25074090360116,4.870417463052405,4.552602671653537,0.3178147913988685,47.380687170028686,66.82680356541161,79.04368591308594,0.0,549125750.0,0.9177733879716986,8.922659171068602,9.64744674532605,29.593160656513227,0.0034892134063126967,0,13.739999771118164,2,1,0.5911373811895935,59.11373811895935,RSI>50,<10% below,>20% above,Normal (0.75-1x),MACD_Hist_Pos,VIX<15,0-1 days,>5% gain,Feb,0
2024-02-27,79.33250852556469,79.43145470230726,77.11486980989693,78.65292358398438,391705000,73.00323351329257,4.950377895970618,4.632157716516953,0.31822017945366543,47.629654512405395,65.13435671362849,79.04368591308594,-0.4943624839702352,551274350.0,0.7105445773052927,13.3171188914589,8.931735895489235,25.99215561281387,-0.004943624839702343,1,13.430000305175781,2,1,0.6291600237302695,62.91600237302695,RSI>50,<10% below,>20% above,Low (<0.75x),MACD_Hist_Pos,VIX<15,0-1 days,>5% gain,Feb,0
2024-02-28,77.57256656149664,78.88476005633558,77.07786632768288,77.61553955078125,393110000,69.65727634034369,4.873856114030275,4.680497396019618,0.19335871801065707,47.87496858596802,62.121337816459864,79.04368591308594,-1.8067810803699544,550393100.0,0.7142349713323077,15.103998070214718,7.6738214432038765,23.718397200399323,-0.013189389356842218,2,13.84000015258789,2,1,0.691886662477893,69.1886662477893,RSI>50,<10% below,>20% above,Low (<0.75x),MACD_Hist_Pos,VIX<15,2 days,>5% gain,Feb,0
2024-02-29,79.04568817875618,79.9411369643908,78.30213934805526,79.06367492675781,507289000,71.61318780645925,4.873881401886763,4.719174197193047,0.15470720469371546,48.12871229171753,64.27548372276706,79.06367492675781,0.0,553067800.0,0.9172275080921363,0.7308527684855237,7.05275225803812,28.580953219355365,0.018657802089091957,0,13.399999618530273,2,1,0.7055240772152247,70.55240772152247,RSI>50,<10% below,>20% above,Normal (0.75-1x),MACD_Hist_Pos,VIX<15,0-1 days,0-5% gain,Feb,0
2024-03-01,79.95112973995113,82.24972776986829,79.38647244624788,82.2287368774414,479135000,75.35275056836369,5.070841980724708,4.78950775389938,0.2813342268253285,48.395219011306764,69.91086838191596,82.2287368774414,0.0,558567250.0,0.8577928620054255,4.392462896112992,13.241483262818443,30.545644951785533,0.040031809217262015,0,13.109999656677246,3,1,0.5485901918604623,54.85901918604623,RSI>50,<10% below,>20% above,Normal (0.75-1x),MACD_Hist_Pos,VIX<15,0-1 days,0-5% gain,Mar,0
2024-03-04,84.07861042508992,87.641435353428,83.66786597883684,85.1849365234375,615616000,78.23656829992727,5.4031906455265215,4.912244332224809,0.4909463133017127,48.67520788192749,75.00682632947854,85.1849365234375,0.0,565519150.0,1.088585594316302,7.76943855718506,17.385338250216886,28.83465456233054,0.035950931003624564,0,13.489999771118164,3,1,0.5164386996926207,51.64386996926207,RSI>50,<10% below,>20% above,Moderate (1-1.5x),MACD_Hist_Pos,VIX<15,0-1 days,>5% gain,Mar,0
2024-03-05,85.22191083370436,86.04844794548417,83.36995895717057,85.91551971435547,520639000,78.89381686750878,5.660283094484058,5.061852084676659,0.598431009807399,48.95402894020081,75.50244908198367,85.91551971435547,0.0,557547200.0,0.9338025551917398,9.233726859010162,23.780512134396005,23.994737684147193,0.00857643640688699,0,14.460000038146973,3,1,0.4942364075896899,49.423640758968986,RSI>50,<10% below,>20% above,Normal (0.75-1x),MACD_Hist_Pos,VIX<15,0-1 days,>5% gain,Mar,0
2024-03-06,87.97235961581464,89.67339555623481,86.98091470216241,88.64997100830078,582520000,81.18420950917218,6.015337018460841,5.252549071433496,0.7627879470273449,49.23902888298035,80.04004753827094,88.64997100830078,0.0,552517650.0,1.0543011612389215,14.216781228841512,31.46808166150712,30.02090713512495,0.031827210066779354,0,14.5,3,1,0.4246941506837325,42.46941506837325,RSI>50,<10% below,>20% above,Moderate (1-1.5x),MACD_Hist_Pos,VIX<15,0-1 days,>5% gain,Mar,0
2024-03-07,90.10714445366249,92.71467403344542,89.55145830366479,92.61672973632812,608119000,83.9116861767219,6.541398914200272,5.510319039986851,1.0310798742134208,49.545930795669555,86.93105215498963,92.61672973632812,0.0,558144850.0,1.0895361661045515,17.141948969770816,17.998084146874294,32.20353454357585,0.04474630598193774,0,14.4399995803833,3,1,0.27334576661564847,27.334576661564846,RSI>50,<10% below,>20% above,Moderate (1-1.5x),MACD_Hist_Pos,VIX<15,0-1 days,>5% gain,Mar,0
2024-03-08,95.08433828640496,97.34506345152579,86.45720334881955,87.47863006591797,1142269000,69.79820221499732,6.469132916764536,5.702081815342389,0.7670511014221475,49.827581815719604,75.56266404708448,92.61672973632812,-5.547701462832778,594537200.0,1.9212742280886714,6.384499370702135,11.057399032775784,25.690500325188292,-0.05547701462832777,1,14.739999771118164,3,1,0.3835566355796822,38.35566355796822,RSI>50,<10% below,>20% above,High (1.5-2x),MACD_Hist_Pos,VIX<15,0-1 days,>5% gain,Mar,0
2024-03-11,86.38024574570308,88.74690616090122,84.11852182933525,85.72561645507812,678364000,65.73581528412535,6.198950403757706,5.801455533025453,0.3974948707322534,50.102905626296995,71.09909172629742,92.61672973632812,-7.440462755344966,606623550.0,1.118261894052745,0.6347130768734832,8.45346527658064,18.916455582599422,-0.020039335429908878,2,15.220000267028809,3,1,0.37500529537136473,37.50052953713647,RSI>50,<10% below,>20% above,Moderate (1-1.5x),MACD_Hist_Pos,VIX 15-20,2 days,0-5% gain,Mar,0
2024-03-12,87.9993412781643,91.90813084085208,86.10141029804566,91.86116027832031,668075000,71.90023493565552,6.406070729566451,5.9223785723336535,0.4836921572327979,50.40965646743774,82.22929239293326,92.61672973632812,-0.8158023503516632,609341800.0,1.0963879385921005,6.920333583190086,16.79306514300436,27.224713265824207,0.071571883375809,0,13.84000015258789,3,1,0.3442075056148346,34.42075056148346,RSI>50,<10% below,>20% above,Moderate (1-1.5x),MACD_Hist_Pos,VIX<15,0-1 days,>5% gain,Mar,0
2024-03-13,91.0036442134583,91.45238847114443,88.38511917925783,90.83673858642578,635713000,69.64721047297158,6.41362058513937,6.020626974894798,0.3929936102445719,50.67410810470581,79.25670916345207,92.61672973632812,-1.921889441540233,610998450.0,1.0404494479486814,2.4667437036389295,17.03421648830301,26.01521328906804,-0.011151847949565918,1,13.75,3,1,0.3489137927254924,34.89137927254924,RSI>50,<10% below,>20% above,Moderate (1-1.5x),MACD_Hist_Pos,VIX<15,0-1 days,0-5% gain,Mar,0
2024-03-14,89.52646826118793,90.59486542464842,86.55114274535384,87.8943862915039,602318000,63.49313320764952,6.111728458883462,6.038847271692531,0.07288118719093095,50.91902225494385,72.61601342506147,92.61672973632812,-5.098801758892075,615868500.0,0.9779977381535182,-5.09880175889208,11.169113215299697,19.009595357832687,-0.03239165497033336,2,14.399999618530273,3,1,0.29922894792783605,29.922894792783605,RSI>50,<10% below,>20% above,Normal (0.75-1x),MACD_Hist_Pos,VIX<15,2 days,5-10% drop,Mar,0
2024-03-15,86.88097416830968,89.49549613199862,86.20835719890029,87.78746032714844,642086000,63.27432684832848,5.797024255014918,5.990482668357009,-0.1934584133420909,51.15758192062378,71.60205199565465,92.61672973632812,-5.214251704771052,626966700.0,1.02411499685709,0.35303509096764607,6.760073984830983,20.89669131290497,-0.0012165277996349921,3,14.40999984741211,3,1,0.27838170811259544,27.838170811259545,RSI>50,<10% below,>20% above,Moderate (1-1.5x),MACD_Below_Signal,VIX<15,3 days,0-5% gain,Mar,1
2024-03-18,90.33701387030251,92.35287440054489,87.03587564379455,88.40510559082031,668976000,64.04510922797843,5.533669025097268,5.899119939705061,-0.3654509146077931,51.41060474395752,71.95889064349295,92.61672973632812,-4.547368663845015,635649150.0,1.0524296304022431,3.125657471528709,3.780209505112242,21.822749964359733,0.007035688939743379,0,14.329999923706055,3,1,0.27826911462882986,27.826911462882986,RSI>50,<10% below,>20% above,Moderate (1-1.5x),MACD_Below_Signal,VIX<15,0-1 days,0-5% gain,Mar,0
2024-03-19,86.65110342037197,90.49293740706634,84.96206166270107,89.34758758544922,672171000,65.2438153918815,5.339458573592609,5.787187666482571,-0.4477290928899622,51.65866857528687,72.95758882216423,92.61672973632812,-3.529753382769909,634016050.0,1.0601797856694637,-2.736273616896945,3.9947007042550498,28.725173124359248,0.01066094529643058,0,13.819999694824219,3,1,0.24834055121152687,24.834055121152687,RSI>50,<10% below,>20% above,Moderate (1-1.5x),MACD_Below_Signal,VIX<15,0-1 days,0-5% drop,Mar,0
2024-03-20,89.74634940187569,90.35901024319512,88.17323967680368,90.32102966308594,479063000,66.48659758626422,5.204104356258355,5.670571004437727,-0.466466648179372,51.91381261825561,73.98265530458139,92.61672973632812,-2.47870992614169,624281450.0,0.7673830449391056,-0.5677316594201343,1.8850075592564908,33.94626493883601,0.010895001241144397,0,13.039999961853027,3,1,0.1479055134924372,14.790551349243719,RSI>50,<10% below,>20% above,Normal (0.75-1x),MACD_Below_Signal,VIX<15,0-1 days,0-5% drop,Mar,0
2024-03-21,92.2479404308415,92.59574371140432,90.3540050520513,91.3834228515625,480372000,67.83824229564198,5.123500886416153,5.561156980833413,-0.4376560944172603,52.17504796981812,75.1477505194157,92.61672973632812,-1.331624306188249,605045050.0,0.7939441864700818,3.9695783852305544,-1.3316243061882505,16.426792977538064,0.0117624122802793,0,12.920000076293945,3,1,0.2799213345213081,27.99213345213081,RSI>50,<10% below,>20% above,Normal (0.75-1x),MACD_Below_Signal,VIX<15,0-1 days,0-5% gain,Mar,0
2024-03-22,91.0895826139038,94.72453187599703,90.78275659770236,94.23580932617188,586719000,71.1970751529959,5.229503346634942,5.49482625399372,-0.2653229073587777,52.45312795639038,79.65717774642474,94.23580932617188,0.0,592911600.0,0.9895556099762596,7.345410124627194,7.724377090910273,19.635891321424314,0.031213390630405735,0,13.0600004196167,3,1,0.15834280303336978,15.834280303336978,RSI>50,<10% below,>20% above,Normal (0.75-1x),MACD_Below_Signal,VIX<15,0-1 days,>5% gain,Mar,0
2024-03-25,93.88801151365493,96.71141493346599,93.45725487677139,94.94841003417969,552136000,71.98425392533488,5.309803867996322,5.4578217767942405,-0.1480179087979181,52.74064140319824,80.0289255269124,94.94841003417969,0.0,595319750.0,0.9274612508656063,7.401500625591484,10.75850365442923,20.121435301716705,0.007561888767160019,0,13.1899995803833,3,1,0.12922675133092776,12.922675133092776,RSI>50,<10% below,>20% above,Normal (0.75-1x),MACD_Below_Signal,VIX<15,0-1 days,>5% gain,Mar,0
2024-03-26,95.79694219210086,96.32064875325118,92.44983185631351,92.50879669189453,513648000,65.39493774407276,5.1175937663393825,5.389776174703269,-0.27218240836388663,53.010785808563234,74.50938574268575,94.94841003417969,-2.569409368105206,601416900.0,0.854063129918697,3.538102361658102,0.7050165833002886,17.616475620407247,-0.02569409368105202,1,13.239999771118164,3,1,0.0853194470113885,8.53194470113885,RSI>50,<10% below,>20% above,Normal (0.75-1x),MACD_Below_Signal,VIX<15,0-1 days,0-5% gain,Mar,0
2024-03-27,93.05948982143728,93.1874159899472,89.07274096879794,90.19910430908203,586067000,59.8126324778639,4.724432684459714,5.256707476654558,-0.5322747921948441,53.268082733154294,69.33048775367638,94.94841003417969,-5.001985523915559,611064750.0,0.9590914874405699,-0.13499110280154047,-0.701956374993673,16.212687344739486,-0.02496727300977719,2,12.779999732971191,3,1,0.15521937391484109,15.521937391484109,RSI>50,<10% below,>20% above,Normal (0.75-1x),MACD_Below_Signal,VIX<15,2 days,0-5% drop,Mar,0
2024-03-28,89.9492288448454,91.24849853375163,89.14268488587938,90.3050308227539,435212000,59.981352675813994,4.371010787388656,5.079568138801378,-0.7085573514127219,53.522352085113525,68.72395794405111,94.94841003417969,-4.890423346482843,607460900.0,0.7164444658084166,-1.1800740168818824,2.742660405244801,14.218104466317483,0.0011743632543057547,0,13.010000228881836,3,1,0.09475999625225806,9.475999625225807,RSI>50,<10% below,>20% above,Low (<0.75x),MACD_Below_Signal,VIX<15,0-1 days,0-5% drop,Mar,0
2024-04-01,90.24806771473163,92.17297617207028,89.15368416261286,90.31202697753906,452441000,59.99329942283925,4.044859298755867,4.8726263707922755,-0.8277670720364085,53.768962421417235,67.96312019137272,94.94841003417969,-4.88305497161207,606126200.0,0.7464468620561197,-4.1637912134353305,2.8757713698318366,9.830249626898047,7.747248100598014e-05,0,13.649999618530273,4,2,0.16174350434699303,16.174350434699303,RSI>50,<10% below,>20% above,Low (<0.75x),MACD_Below_Signal,VIX<15,0-1 days,0-5% drop,Apr,0
2024-04-02,88.39810360146309,90.04317879660557,87.57057538202243,89.40154266357422,433064000,57.58402099359827,3.670601015678784,4.6322212997695775,-0.9616202840907935,54.001153049468996,65.55487728507553,94.94841003417969,-5.8419802591835905,596998600.0,0.7254020361186777,-5.841980259183588,1.1271261609774763,4.949943396361611,-0.010081540016716573,1,14.609999656677246,4,2,0.1711154059139075,17.11154059139075,RSI>50,<10% below,>20% above,Low (<0.75x),MACD_Below_Signal,VIX<15,0-1 days,5-10% drop,Apr,0
2024-04-03,88.43410095294554,90.32303448482294,88.35014869042175,88.91382598876953,370067000,56.28019493262737,3.296642329629094,4.365105505741481,-1.0684631761123873,54.2326237487793,63.94896621753592,94.94841003417969,-6.355645179564162,589470000.0,0.6277961558688313,-3.8860852499230325,-0.48547656226851643,3.489830806334604,-0.005455349653640806,2,14.329999923706055,4,2,0.22554003037382597,22.554003037382596,RSI>50,<10% below,>20% above,Low (<0.75x),MACD_Below_Signal,VIX<15,2 days,0-5% drop,Apr,0
2024-04-04,90.35499714995936,90.58287298050408,85.83154944356146,85.85653686523438,434965000,48.81822872167796,2.72219986968274,4.036524378529734,-1.314324508846994,54.44861318588257,57.683606324605606,94.94841003417969,-9.575592856870804,582092250.0,0.747244100913558,-4.814424131050277,-4.942916189623769,-3.151082974189401,-0.034384856230585736,3,16.350000381469727,4,2,0.3520697055855535,35.20697055855535,RSI 45-50,<10% below,>20% above,Low (<0.75x),MACD_Below_Signal,VIX 15-20,3 days,0-5% drop,Apr,1
2024-04-05,86.81700456921507,88.4310991932804,85.87753991776991,87.95836639404297,399678000,53.393240865120646,2.4087832054168103,3.7109761439071494,-1.302192938490339,54.669536113739014,60.89100557035481,94.94841003417969,-7.3619385913049324,571670200.0,0.6991408682838461,-2.5985976720575565,-3.7480063130081898,-5.029721256134955,0.024480716385145485,0,16.030000686645508,4,2,0.34180643235131525,34.18064323513153,RSI>50,<10% below,>20% above,Low (<0.75x),MACD_Below_Signal,VIX 15-20,0-1 days,0-5% drop,Apr,0
2024-04-08,88.64995673788222,88.77988827828314,86.68307229452097,87.08384704589844,283220000,51.33704526733371,2.0660160907648617,3.381984133278692,-1.3159680425138305,54.8898984336853,58.65186406039344,94.94841003417969,-8.282985450151457,528717750.0,0.5356733342128196,-3.5744740093625493,-7.589431588069506,-0.4512908120783865,-0.009942423716997939,1,15.1899995803833,4,2,0.4101442810016318,41.01442810016318,RSI>50,<10% below,>20% above,Low (<0.75x),MACD_Below_Signal,VIX 15-20,0-1 days,0-5% drop,Apr,0
2024-04-09,87.39267436773328,87.58556628736338,82.97516956737525,85.30584716796875,501700000,47.34496783774315,1.6320872660515278,3.0320047598332596,-1.3999174937817318,55.10147071838379,54.815916990592626,94.94841003417969,-10.155581186393528,519884550.0,0.9650219457377605,-4.581235819406304,-10.155581186393526,-0.4896661050309725,-0.020417103036256212,2,14.979999542236328,4,2,0.4596884343802565,45.96884343802565,RSI 45-50,10-20% below,>20% above,Normal (0.75-1x),MACD_Below_Signal,VIX<15,2 days,0-5% drop,Apr,0
2024-04-10,83.87866326448999,87.35070274664696,83.66178279831279,86.98990631103516,431929000,51.21458819084386,1.4078561553549065,2.7071750389375895,-1.299318883582683,55.32554008483887,57.23281901566728,94.94841003417969,-8.38192416311091,508077250.0,0.8501246611612703,-2.1638025991338905,-5.96580063541452,-5.302843935920542,0.019741426865504952,0,15.800000190734863,4,2,0.49370620318066893,49.37062031806689,RSI>50,<10% below,>20% above,Normal (0.75-1x),MACD_Below_Signal,VIX 15-20,0-1 days,0-5% drop,Apr,0
2024-04-11,87.37069882551852,90.68782736368458,86.87698174129012,90.56489562988281,431637000,58.2319624475584,1.5013168985593097,2.466003410861934,-0.9646865123026243,55.57536325454712,62.95871106604577,94.94841003417969,-4.61673281597753,497873450.0,0.8669612729901545,5.48398402330037,0.4055376420893708,-0.299265430235951,0.0410965992544603,0,14.90999984741211,4,2,0.4043928312503864,40.43928312503864,RSI>50,<10% below,>20% above,Normal (0.75-1x),MACD_Below_Signal,VIX<15,0-1 days,>5% gain,Apr,0
2024-04-12,89.64840815742117,90.1241452492344,87.48063273280795,88.13626098632812,426805000,52.68744305114053,1.3636948665577222,2.2455417020010917,-0.8818468354433695,55.80682811737061,57.93096285809972,94.94841003417969,-7.174579379896214,489097800.0,0.8726373334740005,0.20224863145843486,-2.40160466882795,0.27518787607438977,-0.026816512365673506,1,17.309999465942383,4,2,0.4572669992787519,45.72669992787519,RSI>50,<10% below,>20% above,Normal (0.75-1x),MACD_Below_Signal,VIX 15-20,0-1 days,0-5% gain,Apr,0
2024-04-15,89.04775296579596,90.56189797510771,85.88054139689574,85.95249938964844,443077000,48.239745841538785,1.0661274506782235,2.009658851736518,-0.9435314010582947,56.03116621017456,53.40123221286894,94.94841003417969,-9.474524788032666,479147350.0,0.924719713048606,-1.2991475395588759,-4.827183857776607,-2.0902312592958494,-0.024777107313622482,2,19.229999542236328,4,2,0.43893856949328613,43.893856949328615,RSI 45-50,<10% below,>20% above,Normal (0.75-1x),MACD_Below_Signal,VIX 15-20,2 days,0-5% drop,Apr,0
2024-04-16,86.38425134878223,88.06829858635284,86.01546379198004,87.3656997680664,370453000,51.115692098831566,0.9335749191287306,1.7944420652149606,-0.86086714608623,56.26404415130615,55.27803073152935,94.94841003417969,-7.986137170052289,464221200.0,0.7980096557417025,2.4146675386058414,-2.2771898949986435,-1.1757305370628246,0.016441643796901273,0,18.399999618530273,4,2,0.48007339320072817,48.007339320072816,RSI>50,<10% below,>20% above,Normal (0.75-1x),MACD_Below_Signal,VIX 15-20,0-1 days,0-5% gain,Apr,0
2024-04-17,88.2901585822677,88.7249183584023,83.90263584788114,83.98759460449219,495400000,44.71932076570017,0.5496057156167637,1.5454747952953212,-0.9958690796785574,56.47263732910156,48.72263555718794,94.94841003417969,-11.543969431127712,455382650.0,1.0878763167634955,-3.451333417704938,-5.540455974641745,-5.9990349217105665,-0.038666263448266625,1,18.209999084472656,4,2,0.5049728289849353,50.49728289849354,RSI 40-45,10-20% below,>20% above,Moderate (1-1.5x),MACD_Below_Signal,VIX 15-20,0-1 days,0-5% drop,Apr,0
2024-04-18,84.9220802095837,86.14139337931326,82.35552770602675,84.62324523925781,447260000,46.08644319939806,0.29321900320985606,1.2950236368782282,-1.0018046336683721,56.683854236602784,49.289857542209205,94.94841003417969,-10.87449994286898,453792500.0,0.9856046541095325,-6.560655041117824,-1.436456292096211,-6.308369651101087,0.007568387185738379,0,18.0,4,2,0.5154012833696577,51.54012833696577,RSI 45-50,10-20% below,>20% above,Normal (0.75-1x),MACD_Below_Signal,VIX 15-20,0-1 days,5-10% drop,Apr,0
2024-04-19,83.10311370735981,84.27644766930946,75.56336900757456,76.15702819824219,875198000,34.01908377557807,-0.5863630454316535,0.9187463004162519,-1.5051093458479055,56.85321964263916,33.953764935285086,94.94841003417969,-19.791149561296443,473533800.0,1.8482270959327507,-13.591718838565415,-13.416959272449647,-16.66209710491269,-0.10004599820154425,1,18.709999084472656,4,2,0.6485605066852975,64.85605066852975,RSI 30-35,10-20% below,>20% above,High (1.5-2x),MACD_Below_Signal,VIX 15-20,0-1 days,10-15% drop,Apr,4
2024-04-22,78.05994814693265,80.02783946358336,76.35691439393003,79.47315216064453,596341000,40.58181312316766,-1.0042779749115027,0.5341414453507011,-1.538419420262204,57.040234813690184,39.32823457025854,94.94841003417969,-16.298596119686835,474014900.0,1.2580638287952552,-7.538288327871756,-8.739502380094223,-15.665655413888768,0.04354324270335552,0,16.940000534057617,4,2,0.4789060456257521,47.89060456257521,RSI 40-45,10-20% below,>20% above,Moderate (1-1.5x),MACD_Below_Signal,VIX 15-20,0-1 days,5-10% drop,Apr,1
2024-04-23,80.72345160999099,82.72232381135599,80.21873912417956,82.37651824951172,438559000,45.67641553690233,-1.0886518872164288,0.2095827788372751,-1.2982346660537039,57.23976842880249,43.914834931548505,94.94841003417969,-13.240760724842385,468336050.0,0.9364194791325587,-5.710686839113855,-3.4339134018435247,-13.240760724842382,0.036532665559790845,0,15.6899995803833,4,2,0.4483797965316185,44.83797965316185,RSI 45-50,10-20% below,>20% above,Normal (0.75-1x),MACD_Below_Signal,VIX 15-20,0-1 days,5-10% drop,Apr,0
2024-04-24,83.90264184401371,84.03457116657118,79.13833255489368,79.6320571899414,512208000,42.00967499985092,-1.361281881526864,-0.10459015323555271,-1.2566917282913113,57.42719345092773,38.666113394498396,94.94841003417969,-16.131236782927356,468264050.0,1.093844381177671,-5.185929463823246,-8.458279164924642,-13.919475728172959,-0.03331606042461721,1,15.970000267028809,4,2,0.3555841212669699,35.55841212669699,RSI 40-45,10-20% below,>20% above,Moderate (1-1.5x),MACD_Below_Signal,VIX 15-20,0-1 days,5-10% drop,Apr,1
2024-04-25,78.82351130528671,83.27600032547527,78.17887846781115,82.58539581298828,424641000,46.94541154166505,-1.3237737318514888,-0.34842686895874,-0.9753468628927489,57.62826103210449,43.307110667421085,94.94841003417969,-13.020770139005958,460192750.0,0.9227459580795221,-2.4081437913517245,-8.810808825424864,-8.441002329695124,0.0370873078916254,0,15.369999885559082,4,2,0.2854429337234805,28.54429337234805,RSI 45-50,10-20% below,>20% above,Normal (0.75-1x),MACD_Below_Signal,VIX 15-20,0-1 days,0-5% drop,Apr,0
2024-04-26,83.7707330936579,88.28118855401848,83.3399763925944,87.6855239868164,551011000,54.195698863545466,-0.8724534328334812,-0.45323218173368823,-0.41922125109979297,57.847350120544434,51.58088279600378,94.94841003417969,-7.649297175959845,465982700.0,1.1824709372257811,15.137796289220628,-0.5114092593304309,-2.90073189950949,0.061755811952239004,0,15.029999732971191,4,2,0.2220755257255278,22.20755257255278,RSI>50,<10% below,>20% above,Moderate (1-1.5x),MACD_Below_Signal,VIX 15-20,0-1 days,>5% gain,Apr,0
2024-04-29,87.54560070216142,87.94237235498613,85.21791179771557,87.70751190185547,388971000,54.224742480913655,-0.5071583969862559,-0.46401742478420177,-0.043140972202054095,58.05618223190308,51.07350936634336,94.94841003417969,-7.62613942636599,462809200.0,0.8404564991361451,10.361184270841871,2.0418399984519775,-2.8839072301315327,0.0002507587802333955,0,14.670000076293945,4,2,0.17185448606945775,17.185448606945776,RSI>50,<10% below,>20% above,Normal (0.75-1x),MACD_Below_Signal,VIX<15,0-1 days,>5% gain,Apr,0
2024-04-30,87.19079630766022,88.76890816331654,86.25133163329888,86.353271484375,363709000,52.0362413805163,-0.32320957431821284,-0.435855854691004,0.11264628037279117,58.26078117370606,48.21852667390511,94.94841003417969,-9.052430205740777,459341450.0,0.7918053117131058,4.827532553412883,-1.158839551882651,-3.4096404697065763,-0.015440415400175267,1,15.649999618530273,4,2,0.23236417630045536,23.236417630045537,RSI>50,<10% below,>20% above,Normal (0.75-1x),MACD_Hist_Pos,VIX 15-20,0-1 days,0-5% gain,Apr,0
2024-05-01,85.02900264492887,85.9514784070707,81.20915281271795,82.99414825439453,559863000,46.97211816153369,-0.4433710726329423,-0.43735889827939173,-0.006012174353550559,58.44362836837769,42.00717951882071,94.94841003417969,-12.590270627472162,468831250.0,1.1941674109820963,4.222032160281564,-1.1828489133138276,-6.6577696646668905,-0.03889977961736257,2,15.390000343322754,5,2,0.30187358966903477,30.187358966903478,RSI 45-50,10-20% below,>20% above,Moderate (1-1.5x),MACD_Below_Signal,VIX 15-20,2 days,0-5% gain,May,0
2024-05-02,84.40136817425811,86.18836175340402,83.15307206256357,85.76860046386719,377898000,51.19669822552155,-0.3111382118944448,-0.41211476100240235,0.10097654910795756,58.63518684387207,46.27496743933513,94.94841003417969,-9.668207784635822,465977900.0,0.8109783747254966,3.854440145915339,1.3534758934983904,-0.10242248823199018,0.03342949193198996,0,14.680000305175781,5,2,0.36242928440146294,36.242928440146294,RSI>50,<10% below,>20% above,Normal (0.75-1x),MACD_Hist_Pos,VIX<15,0-1 days,0-5% gain,May,0
2024-05-03,87.73947860212795,89.23063371341577,86.9909005732954,88.7389144897461,398341000,55.302277663877696,0.03295689430292725,-0.3231004299413364,0.3560573242442637,58.8436802482605,50.8044944085042,94.94841003417969,-6.53986258663867,465911050.0,0.8549722098241713,1.2013277164062641,16.520978548102416,0.8874063124437281,0.034631718482222906,0,13.489999771118164,5,2,0.34205803758464204,34.20580375846421,RSI>50,<10% below,>20% above,Normal (0.75-1x),MACD_Hist_Pos,VIX<15,0-1 days,0-5% gain,May,0
2024-05-06,89.33958648937698,92.16799229625614,89.00477633292259,92.0880355834961,376203000,59.44497405587557,0.5693378551350179,-0.14461277292606556,0.7139506280610834,59.07669820785522,55.87877856594814,94.94841003417969,-3.0125564500278745,470560200.0,0.799479003961661,4.994468075371272,15.873138386850737,5.746402699642039,0.03774128986147329,0,13.489999771118164,5,2,0.2928148526246084,29.281485262460837,RSI>50,<10% below,>20% above,Normal (0.75-1x),MACD_Hist_Pos,VIX<15,0-1 days,0-5% gain,May,0
2024-05-07,91.04661392300342,91.72922732116892,88.96079315014337,90.50292205810547,437342000,56.763455876386615,0.8566433653838743,0.055638454735922424,0.8010049106479519,59.30784088134766,52.598578388930484,94.94841003417969,-4.6820036001381435,467342300.0,0.9358065811718734,4.805435280447146,9.864951786356801,6.092284483036181,-0.01721302355237453,1,13.229999542236328,5,2,0.2898335319862364,28.98335319862364,RSI>50,<10% below,>20% above,Normal (0.75-1x),MACD_Hist_Pos,VIX<15,0-1 days,0-5% gain,May,0
2024-05-08,89.4325232671434,91.14255660736433,89.36955526816209,90.36100006103516,325721000,56.517632268417344,1.0606565446970677,0.25664207272815154,0.8040144719689162,59.53676012039185,51.773458747691826,94.94841003417969,-4.831476347516665,462031900.0,0.7049751326694109,8.876350877244587,13.473145426222843,3.8752700088519942,-0.0015681482303874228,2,13.0,5,2,0.27869516844978004,27.869516844978005,RSI>50,<10% below,>20% above,Low (<0.75x),MACD_Hist_Pos,VIX<15,2 days,>5% gain,May,0
2024-05-09,90.47795332635798,91.02064641644553,88.18125256182073,88.69696044921875,378013000,53.58731024714933,1.0756647754705142,0.4204466132766241,0.6552181621938902,59.75202833175659,48.44175658230954,94.94841003417969,-6.584048729947694,459350700.0,0.8229289734401188,3.4142564639203066,7.400297081665497,-2.0625377721384064,-0.018415462541277905,3,12.6899995803833,5,2,0.2776656314877881,27.76656314877881,RSI>50,<10% below,>20% above,Normal (0.75-1x),MACD_Hist_Pos,VIX<15,3 days,0-5% gain,May,1
2024-05-10,90.25406212026445,91.3494445724532,89.17666725781999,89.82730102539062,335325000,55.283331050001784,1.1653346914067697,0.5694242289026532,0.5959104625041165,59.9740823173523,49.776866197085425,94.94841003417969,-5.393570052353228,454776700.0,0.7373398857065456,1.2265042252351366,2.442566276842051,1.9186655074065584,0.012743847933988972,0,12.550000190734863,5,2,0.3116643128616279,31.166431286162787,RSI>50,<10% below,>20% above,Low (<0.75x),MACD_Hist_Pos,VIX<15,0-1 days,0-5% gain,May,0
2024-05-13,90.42698029967474,90.9466913648071,88.47908175529776,90.34803009033203,289680000,56.07957861934445,1.2638483721338503,0.7083090575488926,0.5555393145849576,60.19650173187256,50.088505961294075,94.94841003417969,-4.8451363663610625,447106850.0,0.6478988188170233,-1.8895022378736748,3.0105952514435597,5.113906787931022,0.005797002236482829,0,13.600000381469727,5,2,0.283414922205079,28.341492220507902,RSI>50,<10% below,>20% above,Low (<0.75x),MACD_Hist_Pos,VIX<15,0-1 days,0-5% drop,May,0
2024-05-14,89.5484686052902,91.5993133075769,88.88384272491611,91.30448150634766,296507000,57.573911816001,1.4029267435294202,0.8472325947449981,0.555694148784422,60.41945671081543,51.11768042429886,94.94841003417969,-3.837798364943956,443409550.0,0.6686978212354695,0.8856724512469993,5.7336681481355845,4.508384581978642,0.010586300720218711,0,13.420000076293945,5,2,0.27281726675357465,27.281726675357465,RSI>50,<10% below,>20% above,Low (<0.75x),MACD_Hist_Pos,VIX<15,0-1 days,0-5% gain,May,0
2024-05-15,92.41984207783547,94.80849340867992,91.54733338803841,94.57662200927734,417735000,62.29975040544541,1.7569289635912497,1.0291718685142486,0.7277570950770011,60.65887733459473,55.915549652513576,94.94841003417969,-0.39156845782726313,439526300.0,0.9504209418184987,4.665311301772568,13.955771579678245,12.607846973889636,0.03583767684724437,0,12.449999809265137,5,2,0.2775047358709788,27.75047358709788,RSI>50,<10% below,>20% above,Normal (0.75-1x),MACD_Hist_Pos,VIX<15,0-1 days,0-5% gain,May,0
2024-05-16,94.85647021604154,95.76495408373688,94.04991856770557,94.30577850341797,323952000,61.68724149561978,1.9926533980601278,1.2218681744234245,0.7707852236367032,60.89805286407471,54.85844631832444,94.94841003417969,-0.6768217925190987,433360900.0,0.747533983799646,6.3235741403003365,9.953733643056651,11.441930921916832,-0.002863746876398343,1,12.420000076293945,5,2,0.3091566459806516,30.915664598065163,RSI>50,<10% below,>20% above,Low (<0.75x),MACD_Hist_Pos,VIX<15,0-1 days,>5% gain,May,0
2024-05-17,94.31578286476113,94.68656820618962,91.75422475858959,92.42684173583984,359691000,57.46622368831631,2.0047427894974987,1.3784430974382396,0.6262996920592592,61.13901496887207,51.17489508605505,94.94841003417969,-2.6557246165913946,407585550.0,0.8824920314275125,2.8939316675165694,4.155930086929227,21.363508953167365,-0.019923877384777966,2,11.989999771118164,5,2,0.3415023115552338,34.15023115552338,RSI>50,<10% below,>20% above,Normal (0.75-1x),MACD_Hist_Pos,VIX<15,2 days,0-5% gain,May,0
2024-05-20,93.6971368800976,95.1463162138061,93.38731412084368,94.72655487060547,318764000,60.9850592334437,2.1748213628898583,1.5377187505285634,0.6371026123612948,61.390246601104735,54.302287602964014,94.94841003417969,-0.23365863998602499,393706700.0,0.8096484007003183,4.846286937186894,2.865213999181293,19.19315176920149,0.024881442355655814,0,12.149999618530273,5,2,0.28107557031858654,28.107557031858654,RSI>50,<10% below,>20% above,Normal (0.75-1x),MACD_Hist_Pos,VIX<15,0-1 days,0-5% gain,May,0
2024-05-21,93.5462119787617,95.34619876949091,93.1274495632841,95.33220672607422,328946000,61.87951227615983,2.3316036255236696,1.6964957255275848,0.6351078999960849,61.64368215560913,54.6504092429522,95.33220672607422,0.0,388226050.0,0.8473053263684908,4.411311639118765,5.3360538622921005,15.727404789458067,0.006393686081965777,0,11.859999656677246,5,2,0.2733562468633415,27.33562468633415,RSI>50,<10% below,>20% above,Normal (0.75-1x),MACD_Hist_Pos,VIX<15,0-1 days,0-5% gain,May,0
2024-05-22,95.40515417154504,95.96583473980165,93.19640167904086,94.89643859863281,548648000,60.79946334023081,2.3931056202639525,1.8358177044748583,0.5572879157890942,61.891256713867186,53.32769705639306,95.33220672607422,-0.45710483624231446,390048050.0,1.4066164412307662,0.33815607130067704,5.019243406485274,19.168638796159975,-0.004571048362423169,1,12.289999961853027,5,2,0.23243408687352396,23.243408687352396,RSI>50,<10% below,>20% above,Moderate (1-1.5x),MACD_Hist_Pos,VIX<15,0-1 days,0-5% gain,May,0
2024-05-23,101.9704583406549,106.26003756449907,101.46274160839002,103.74046325683594,835065000,71.6243171280608,3.119525325398456,2.092559228659578,1.026966096738878,62.18681344985962,66.82067708852851,103.74046325683594,0.0,410569250.0,2.0339199781766415,10.004354879564481,16.96056181793284,25.615990860844896,0.09319659187221108,0,12.770000457763672,5,2,0.1451933337598832,14.51933337598832,RSI>50,<10% below,>20% above,Very High (2-3x),MACD_Hist_Pos,VIX<15,0-1 days,>5% gain,May,0
2024-05-24,104.39007089275711,106.41492886783819,102.9418908707602,106.408935546875,429494000,73.96076296316245,3.86597701124316,2.447242785176295,1.4187342260668654,62.5062543296814,70.23726135569477,106.408935546875,0.0,404493400.0,1.0618071889430087,15.127741626178913,18.459459799195564,21.352910615979994,0.025722579273938395,0,11.930000305175781,5,2,0.15405063886511683,15.405063886511684,RSI>50,<10% below,>20% above,Moderate (1-1.5x),MACD_Hist_Pos,VIX<15,0-1 days,>5% gain,May,0
2024-05-28,110.18181893492428,114.87417036274923,109.82102250000426,113.83675384521484,652728000,79.11559729107317,4.999279626387974,2.957650153418631,2.041629472969343,62.86366361618042,81.08514091742262,113.83675384521484,0.0,417681250.0,1.5627419234164808,20.17406734649383,25.998047474193122,29.79133870836279,0.06980446012513442,0,12.920000076293945,5,2,0.09692589766065662,9.692589766065662,RSI>50,<10% below,>20% above,High (1.5-2x),MACD_Hist_Pos,VIX<15,0-1 days,>5% gain,May,0
2024-05-29,112.98623828974068,115.42685462015827,110.83844833840384,114.7602310180664,557442000,79.65485555747124,5.903890627809972,3.546898248296899,2.3569923795130725,63.233349304199216,81.48687722673799,114.7602310180664,0.0,427367900.0,1.3043609498982025,20.37928729355474,25.689592805023565,32.896216953206505,0.008112293628007139,0,14.279999732971191,5,2,0.11248793616052488,11.248793616052488,RSI>50,<10% below,>20% above,Moderate (1-1.5x),MACD_Hist_Pos,VIX<15,0-1 days,>5% gain,May,0
2024-05-30,114.58535213815944,115.7536916758684,109.60116471942543,110.43769073486328,484553000,70.48114056136275,6.200532607724853,4.07762512018249,2.1229074875423626,63.566943626403805,73.73446705874147,114.7602310180664,-3.7665838111833696,423602400.0,1.143886342475869,16.377065742121943,16.770601855530497,33.06684032270386,-0.03766583811183366,1,14.470000267028809,5,2,0.2028258641330063,20.282586413300628,RSI>50,<10% below,>20% above,Moderate (1-1.5x),MACD_Hist_Pos,VIX<15,0-1 days,>5% gain,May,0
2024-05-31,112.45653988138353,112.65343500336584,106.87969257247853,109.57117462158203,613263000,68.7712735510953,6.293159282579026,4.520731952661798,1.7724273299172282,63.895271110534665,71.48557744129612,114.7602310180664,-4.521650357838227,435370650.0,1.408599775846167,5.620479398005651,16.187126982479437,27.75208412983543,-0.007846199132880871,2,12.920000076293945,5,2,0.21014867794670455,21.014867794670455,RSI>50,<10% below,>20% above,Moderate (1-1.5x),MACD_Hist_Pos,VIX<15,2 days,>5% gain,May,0
2024-06-03,113.55691490102478,114.93513488769531,111.93982368190672,114.93513488769531,438392000,73.11870884720247,6.721907390572625,4.960967040243964,1.760940350328661,64.25268661499024,78.87988960897519,114.93513488769531,0.0,437373200.0,1.0023293608296073,8.012672335270544,24.35255032968151,29.520555382696536,0.04895411849547471,0,13.109999656677246,6,2,0.17245750319055486,17.245750319055485,RSI>50,<10% below,>20% above,Moderate (1-1.5x),MACD_Hist_Pos,VIX<15,0-1 days,>5% gain,Jun,0
2024-06-04,115.65074383289046,116.53424034822847,113.98068096958718,116.37133026123047,403324000,74.1561161220884,7.095786509076703,5.387930934010512,1.7078555750661906,64.61799253463745,80.09121870948167,116.37133026123047,0.0,438729250.0,0.9193004569446874,2.2265009589626183,22.849744108387892,26.369652174539816,0.012495703554343818,0,13.15999984741211,6,2,0.1579017483944003,15.79017483944003,RSI>50,<10% below,>20% above,Normal (0.75-1x),MACD_Hist_Pos,VIX<15,0-1 days,0-5% gain,Jun,0
2024-06-05,118.30423600418825,122.37993114467406,117.40174545593459,122.37094116210938,528402000,77.97929508047555,7.786449519837177,5.867634651175846,1.9188148686613307,65.01352136611939,88.22383189027006,122.37094116210938,0.0,443282250.0,1.1920215618829764,6.631835851606849,28.362644026197525,35.21214385049769,0.05155574734267421,0,12.630000114440918,6,2,0.12784352835055457,12.784352835055458,RSI>50,<10% below,>20% above,Moderate (1-1.5x),MACD_Hist_Pos,VIX<15,0-1 days,>5% gain,Jun,0
2024-06-06,123.97803133753258,125.51616477932996,118.25326519915947,120.92975616455078,664696000,75.10509130761046,8.123866471256392,6.318881015191956,1.8049854560644354,65.38351858139038,84.95449432568488,122.37094116210938,-1.1777183241970837,460231000.0,1.44426603162325,9.500438989508254,27.433397870732136,33.829590291018995,-0.011777183241970857,1,12.579999923706055,6,2,0.08780370089154887,8.780370089154887,RSI>50,<10% below,>20% above,Moderate (1-1.5x),MACD_Hist_Pos,VIX<15,0-1 days,>5% gain,Jun,0
2024-06-07,119.70244332667052,121.62336396697008,117.95543577009146,120.81981658935547,412386000,74.87835891389719,8.286874698178849,6.712479751789336,1.5743949463895133,65.75945602416992,83.72995139276712,122.37094116210938,-1.2675595676747091,461949650.0,0.8927076792892905,10.266059487472013,16.46354064395803,36.21641145022987,-0.0009091192993535557,2,12.220000267028809,6,2,0.12288035655254648,12.288035655254648,RSI>50,<10% below,>20% above,Normal (0.75-1x),MACD_Hist_Pos,VIX<15,2 days,>5% gain,Jun,0
2024-06-10,120.30210862140808,123.0305645078952,116.94400320335374,121.72130584716797,313434100,75.53067394724614,8.392064050970063,7.048396611625482,1.343667439344581,66.13266653060913,84.0562497065349,122.37094116210938,-0.5308738404494332,460855105.0,0.6801141977151365,5.904348540682114,14.39011697804984,35.50591463586574,0.007461435410686779,0,12.739999771118164,6,2,0.1245007679769441,12.45007679769441,RSI>50,<10% below,>20% above,Low (<0.75x),MACD_Hist_Pos,VIX<15,0-1 days,>5% gain,Jun,0
2024-06-11,121.71132421608192,122.81080030375152,118.68278538083564,120.85174560546875,222551200,73.54687610430291,8.309474675033101,7.300612224307006,1.0088624507260953,66.50129446029663,81.72841083209447,122.37094116210938,-1.2414675757278761,457498665.0,0.48645212986577785,3.8501023698712,6.16232589502006,33.76245778091498,-0.00714386224866026,1,12.850000381469727,6,2,0.1414423229892401,14.14423229892401,RSI>50,<10% below,>20% above,Low (<0.75x),MACD_Hist_Pos,VIX<15,0-1 days,0-5% gain,Jun,0
2024-06-12,123.00068806264866,126.81884668595569,122.51092635625676,125.13965606689453,299595000,76.78486911619689,8.492128566306945,7.538915492706994,0.9532130735999518,66.89708242416381,87.06295032934499,125.13965606689453,0.0,457653065.0,0.6546334394155101,2.2625591324964445,9.044444191816003,37.05751788119469,0.03548074907766785,0,12.039999961853027,6,2,0.14794170697350162,14.794170697350161,RSI>50,<10% below,>20% above,Low (<0.75x),MACD_Hist_Pos,VIX<15,0-1 days,0-5% gain,Jun,0
2024-06-13,129.32763594350715,129.7374419918796,127.09871503024357,129.5475311279297,260704500,79.55530345479853,8.89008243395385,7.809148880956366,1.0809335529974842,67.31082798004151,92.46165143941198,129.5475311279297,0.0,449801540.0,0.5795989493499734,7.126265062217252,17.303730516192118,36.97627212274712,0.03522364692035662,0,11.9399995803833,6,2,0.10795690049042239,10.79569004904224,RSI>50,<10% below,>20% above,Low (<0.75x),MACD_Hist_Pos,VIX<15,0-1 days,>5% gain,Jun,0
2024-06-14,129.8973640661816,132.77596549255935,128.2581551805241,131.81643676757812,309320400,80.82385980303657,9.281553493148266,8.103629803394746,1.17792368975352,67.72618070602417,94.6314340974689,131.81643676757812,0.0,449069960.0,0.6888022525488011,9.101669319361871,20.302111593512564,39.77556715975854,0.017514078577135272,0,12.65999984741211,6,2,0.05832529394973007,5.832529394973007,RSI>50,<10% below,>20% above,Low (<0.75x),MACD_Hist_Pos,VIX<15,0-1 days,>5% gain,Jun,0
2024-06-17,132.92592665460285,133.66556033801308,129.5175660413327,130.91688537597656,288504400,78.73789431435159,9.410729813208178,8.365049805357433,1.0456800078507449,68.13463750839233,92.14439257837273,131.81643676757812,-0.6824273312649718,445510630.0,0.6475814056333515,7.554617874667291,13.905017385586426,41.64379407244383,-0.006824273312649676,1,12.75,6,2,0.07208737204929405,7.208737204929405,RSI>50,<10% below,>20% above,Low (<0.75x),MACD_Hist_Pos,VIX<15,0-1 days,>5% gain,Jun,0
2024-06-18,131.07678620278367,136.26428691629846,130.62700616579136,135.5146484375,294335100,81.38267733725878,9.771464669294517,8.646332778144851,1.1251318911496657,68.56562849044799,97.64224644477488,135.5146484375,0.0,444289185.0,0.6624854035103285,12.132967346536795,16.450201379752727,43.05877440872861,0.035119710099421164,0,12.300000190734863,6,2,0.04404865710147221,4.404865710147221,RSI>50,<10% below,>20% above,Low (<0.75x),MACD_Hist_Pos,VIX<15,0-1 days,>5% gain,Jun,0
2024-06-20,139.73262148324963,140.69215023640655,129.45757751387328,130.7169647216797,517768400,71.40192242142453,9.560014762467134,8.829069175009309,0.7309455874578248,68.97685781478881,89.50843639858242,135.5146484375,-3.540343255240799,453730305.0,1.1411369139207046,4.456867495147776,6.820265890178967,37.1173176524481,-0.035403432552407965,1,13.279999732971191,6,2,0.07456820721524493,7.456820721524493,RSI>50,<10% below,>20% above,Moderate (1-1.5x),MACD_Hist_Pos,VIX<15,0-1 days,0-5% gain,Jun,0
2024-06-21,127.05874834066508,130.5670591372875,124.24010749891087,126.5090103149414,649445800,63.989437765397895,8.949725569258959,8.85320045385924,0.09652511539971975,69.36685245513917,82.37674888990693,135.5146484375,-6.645508973675297,458770195.0,1.4156233492892885,-2.345487240499944,4.613632183958805,33.312706128008514,-0.03219134115986999,2,13.199999809265137,6,2,0.1160786088883412,11.607860888834121,RSI>50,<10% below,>20% above,Moderate (1-1.5x),MACD_Hist_Pos,VIX<15,2 days,0-5% drop,Jun,0
2024-06-24,123.1806025577778,124.40001580098117,117.98311173916277,118.0530776977539,476060900,52.25070472344713,7.695040259599338,8.62156841500726,-0.9265281554079223,69.7219772529602,69.31975016922186,135.5146484375,-12.885375080170359,440819990.0,1.0799439925580507,-10.441307174834424,-2.2899711071447837,13.796559212853566,-0.06684055622707541,3,13.329999923706055,6,2,0.1798486090984346,17.98486090984346,RSI>50,10-20% below,>20% above,Moderate (1-1.5x),MACD_Below_Signal,VIX<15,3 days,10-15% drop,Jun,2
2024-06-25,121.14159285282038,126.43904192857353,119.2625015362155,126.02923583984375,414192600,59.75109594906985,7.260606660692545,8.349376064144318,-1.0887694034517725,70.12107997894287,79.73088246457401,135.5146484375,-6.999547803152047,440054920.0,0.9412293356474687,-3.733398882883676,3.5391749724446475,18.438583369087148,0.0675641694197151,0,12.84000015258789,6,2,0.052988745500306855,5.2988745500306855,RSI>50,<10% below,>20% above,Normal (0.75-1x),MACD_Below_Signal,VIX<15,0-1 days,0-5% drop,Jun,0
2024-06-26,126.06921428451571,128.0582531537486,122.54091663746888,126.3390884399414,362975900,60.013863941079606,6.862214086506214,8.051943668616698,-1.189729582110484,70.525074634552,79.14066606041523,135.5146484375,-6.770899015976421,425567315.0,0.8529224101714672,-6.770899015976417,4.540557363884989,10.982687201117947,0.002458577154997643,0,12.550000190734863,6,2,0.07129416878523687,7.129416878523687,RSI>50,<10% below,>20% above,Normal (0.75-1x),MACD_Below_Signal,VIX<15,0-1 days,5-10% drop,Jun,0
2024-06-27,124.04019204451785,126.34908399185862,122.8607604065947,123.93024444580078,252571700,56.9036060207835,6.279722787123859,7.69749949231813,-1.417776705194271,70.9189937210083,74.74901707338942,135.5146484375,-8.54845149603292,410323800.0,0.6155424082151706,-5.191920031442798,-0.9664495325504507,7.990584670651946,-0.01906649813518113,1,12.239999771118164,6,2,0.09735988256431605,9.735988256431604,RSI>50,<10% below,>20% above,Low (<0.75x),MACD_Below_Signal,VIX<15,0-1 days,5-10% drop,Jun,0
2024-06-28,124.5199608102888,127.6484495693471,122.69084094404647,123.48046112060547,315516700,56.316709617789435,5.715911016228958,7.301181797100297,-1.5852707808713387,71.31220279693603,73.1547424950823,135.5146484375,-8.880359028083046,401871985.0,0.7851174298701115,-2.3939395200361036,-4.683277214548321,11.810071633112118,-0.0036293265393503304,2,12.4399995803833,6,2,0.13260459747772457,13.260459747772458,RSI>50,<10% below,>20% above,Normal (0.75-1x),MACD_Below_Signal,VIX<15,2 days,0-5% drop,Jun,0
2024-07-01,123.41050281013469,124.7798377464592,118.77273936918628,124.24010467529297,284885500,57.1210811199617,5.269637906457561,6.89487301897175,-1.625235112514189,71.70613725662231,73.26286065397974,135.5146484375,-8.319797078916459,385453110.0,0.739092492988317,5.240885793235672,-5.747638365952746,13.387581272512538,0.006151933251573594,0,12.220000267028809,7,3,0.1715401962332168,17.15401962332168,RSI>50,<10% below,>20% above,Low (<0.75x),MACD_Below_Signal,VIX<15,0-1 days,>5% gain,Jul,0
2024-07-02,121.07162680437523,123.35053451744282,120.97167651778796,122.61088562011719,218374000,54.79082591805067,4.729974686064708,6.461893352390342,-1.731918666325634,72.09144590377808,70.07688510474381,135.5146484375,-9.522042794756679,374452210.0,0.5831825642049222,-2.7123470176956044,-6.3444831673207025,6.678332730824188,-0.013113471366060225,1,12.029999732971191,7,3,0.21376661128276075,21.376661128276076,RSI>50,<10% below,>20% above,Low (<0.75x),MACD_Below_Signal,VIX<15,0-1 days,0-5% drop,Jul,0
2024-07-03,121.60136576540062,128.21817016601562,121.30150730962696,128.21817016601562,215749000,60.72880878471204,4.700563526329276,6.109627387178129,-1.4090638608488533,72.51319013595581,76.8204790405965,135.5146484375,-5.384272737754654,365073460.0,0.5909742110533042,1.4873320278604663,-5.384272737754658,10.180204933802294,0.045732354982504386,0,12.09000015258789,7,3,0.1509404008565609,15.09404008565609,RSI>50,<10% below,>20% above,Low (<0.75x),MACD_Below_Signal,VIX<15,0-1 days,0-5% gain,Jul,0
2024-07-05,127.31861187118912,128.78791231292527,125.61943416430904,125.76936340332031,214176700,57.195659076279775,4.428606510978767,5.7734232119382565,-1.3448167009594894,72.92236055374146,72.47023059632347,135.5146484375,-7.191314847910527,349362195.0,0.6130505906627933,1.4839952634192022,-3.7849726153707186,2.7771480785695024,-0.019098749884861266,1,12.479999542236328,7,3,0.15451334019458596,15.451334019458596,RSI>50,<10% below,>20% above,Low (<0.75x),MACD_Below_Signal,VIX<15,0-1 days,0-5% gain,Jul,0
2024-07-08,127.42854201917729,130.70696731901708,126.9787619894619,128.13819885253906,237677300,59.64170788123961,4.35403325545974,5.489545220642554,-1.1355119651828138,73.34560361862182,74.70467557786364,135.5146484375,-5.44328577759842,328011260.0,0.7246010396106524,3.7720443296565875,1.2878043496995506,5.960851089602515,0.018834757409261105,0,12.369999885559082,7,3,0.15680716008557138,15.680716008557138,RSI>50,<10% below,>20% above,Low (<0.75x),MACD_Below_Signal,VIX<15,0-1 days,0-5% gain,Jul,0
2024-07-09,130.28719371816868,133.7555228326683,128.58800070420872,131.3166961669922,285366600,62.720098314116804,4.499543644391707,5.291544905392385,-0.7920012610006779,73.79113967895508,77.95726795698639,135.5146484375,-3.0977848659984,321660290.0,0.8871676388776495,5.695899492514278,11.235300873050114,8.6880446221117,0.024805228596282314,0,12.510000228881836,7,3,0.11343043103445272,11.343043103445272,RSI>50,<10% below,>20% above,Normal (0.75-1x),MACD_Below_Signal,VIX<15,0-1 days,>5% gain,Jul,0
2024-07-10,133.965420342518,135.03491211498738,132.35619546389498,134.84500122070312,248978600,65.83537444562094,4.843730891920558,5.20198210269802,-0.35825121077746225,74.2604229927063,81.58393904374518,135.5146484375,-0.4941511670642156,318437515.0,0.7818758414818053,9.978001169072904,6.995016134242316,10.781756967028544,0.026868670600911804,0,12.850000381469727,7,3,0.08792930160473866,8.792930160473865,RSI>50,<10% below,>20% above,Normal (0.75-1x),MACD_Below_Signal,VIX<15,0-1 days,>5% gain,Jul,0
2024-07-11,135.68459054854569,136.08439171293904,126.98878558577707,127.33861541748047,374782700,55.25619050788192,4.459394045802384,5.053464491318893,-0.5940704455165093,74.68921148300171,70.49131044375943,135.5146484375,-6.033320467041876,326049090.0,1.1494670940501628,-0.6859829206705359,0.7911462635051603,5.367626077316823,-0.05566677099833184,1,12.920000076293945,7,3,0.11453784532986888,11.453784532986887,RSI>50,<10% below,>20% above,Moderate (1-1.5x),MACD_Below_Signal,VIX<15,0-1 days,0-5% drop,Jul,0
2024-07-12,128.1981955828636,131.85643576222122,127.15870339191848,129.177734375,252680500,57.07612357758597,4.254166472995649,4.893604887654244,-0.6394384146585947,75.1241376876831,71.95236890709656,135.5146484375,-4.676183818919484,323703365.0,0.7805927504028264,2.710016874896337,4.234228660376882,3.2268574447311016,0.014442743479579745,0,12.460000038146973,7,3,0.08450904534389703,8.450904534389704,RSI>50,<10% below,>20% above,Normal (0.75-1x),MACD_Below_Signal,VIX<15,0-1 days,0-5% gain,Jul,0
2024-07-15,130.49707086610906,131.3266726567918,127.11870268784229,128.3780975341797,208326200,56.0094020672742,3.9811064161386582,4.711105193351127,-0.7299987772124688,75.55661960601806,69.90979506970216,135.5146484375,-5.266257917948792,321084450.0,0.6488205828715778,0.1872187090101729,3.966325011364047,-0.9027061986964235,-0.00619020642132484,1,13.119999885559082,7,3,0.14467906920245088,14.467906920245088,RSI>50,<10% below,>20% above,Low (<0.75x),MACD_Below_Signal,VIX<15,0-1 days,0-5% gain,Jul,0
2024-07-16,128.37809442503013,128.97779607447222,124.5199543330253,126.2990951538086,214769500,53.22422503587654,3.5559553963363157,4.480075233948165,-0.9241198376118493,75.97592346191406,66.23568283065491,135.5146484375,-6.80041116583914,316356905.0,0.6788835540036656,-3.820992424910563,1.6572671794642169,-4.185624910721753,-0.016194369758576466,2,13.1899995803833,7,3,0.1546572713090728,15.46572713090728,RSI>50,<10% below,>20% above,Low (<0.75x),MACD_Below_Signal,VIX<15,2 days,0-5% drop,Jul,0
2024-07-17,121.29150164795156,121.79126062270679,116.66373628697615,117.93312072753906,390086200,43.78809084151573,2.514964980477245,4.087053183253981,-1.5720882027767358,76.35029460906982,54.46321632599114,135.5146484375,-12.973894639936006,321435995.0,1.2135734829573148,-12.541718521314781,-3.815130172920489,-9.91756304860888,-0.06623938529473505,3,14.479999542236328,7,3,0.24317800867268358,24.317800867268357,RSI 40-45,10-20% below,>20% above,Moderate (1-1.5x),MACD_Below_Signal,VIX<15,3 days,10-15% drop,Jul,2
2024-07-18,121.79127496540796,122.34101295266511,116.50382347473696,121.0316390991211,320979500,47.50055045563688,1.9178888839562944,3.653220323394444,-1.7353314394381494,76.73810977935791,57.72038097774187,135.5146484375,-10.68741239812059,322768215.0,0.9944582058676379,-4.952917304528492,-5.604924058415028,-10.687412398120589,0.026273521403207267,0,15.930000305175781,7,3,0.17236896772720933,17.236896772720932,RSI 45-50,10-20% below,>20% above,Normal (0.75-1x),MACD_Below_Signal,VIX 15-20,0-1 days,0-5% drop,Jul,0
2024-07-19,120.29200868477562,121.5414063811811,117.31344884694725,117.87317657470703,217223800,44.28954559603052,1.176280813407331,3.1578324213970212,-1.9815516079896902,77.10372213363648,52.876117148286006,135.5146484375,-13.01812908508507,307740985.0,0.7058656811669073,-8.751165868473976,-6.2783070653634425,-9.825647477601262,-0.02609617243824469,1,16.520000457763672,7,3,0.15349465979429078,15.349465979429077,RSI 40-45,10-20% below,>20% above,Low (<0.75x),MACD_Below_Signal,VIX 15-20,0-1 days,5-10% drop,Jul,0
2024-07-22,120.29199609290939,124.01020446831424,119.80223438238662,123.48046112060547,258068900,50.6656221984156,1.0291486898476876,2.732095675087155,-1.7029469852394672,77.50369152069092,59.32203834141278,135.5146484375,-8.880359028083046,288172140.0,0.8955372993378194,-3.815009341659903,-3.6349330438878003,-2.3939395200361036,0.04757048811986997,0,14.90999984741211,7,3,0.10839983438813783,10.839983438813782,RSI>50,<10% below,>20% above,Normal (0.75-1x),MACD_Below_Signal,VIX<15,0-1 days,0-5% drop,Jul,0
2024-07-23,122.720840459146,124.62992383611729,122.04116779427122,122.53092956542969,173911000,49.62976349144816,0.8263999369040533,2.350956527450535,-1.5245565905464815,77.89629501342773,57.300073828040034,135.5146484375,-9.581044574718774,273064645.0,0.6368858187408333,-2.9835254035588954,-6.690517548804198,3.793083547673559,-0.0076897312057196965,1,14.720000267028809,7,3,0.1040994437613969,10.409944376139691,RSI 45-50,<10% below,>20% above,Low (<0.75x),MACD_Below_Signal,VIX<15,0-1 days,0-5% drop,Jul,0
2024-07-24,119.11255773987328,119.89218055655165,113.38532389383315,114.19493103027344,327776900,41.59053211235086,-0.0068464043822444864,1.8793959410839791,-1.8862423454662236,78.24398582458497,45.947231377357,135.5146484375,-15.73240801127069,268743860.0,1.2196628417854831,-3.169753903063388,-15.313930812037569,-9.390126608883975,-0.06803179054236219,2,18.040000915527344,7,3,0.21016935201651443,21.016935201651442,RSI 40-45,10-20% below,>20% above,Moderate (1-1.5x),MACD_Below_Signal,VIX 15-20,2 days,0-5% drop,Jul,1
2024-07-25,112.98551932388845,116.57378540069556,106.24876991914482,112.22588348388672,460067000,39.944593674766786,-0.8166717306928746,1.3401824067286083,-2.156854137421483,78.57646514892578,42.82378734037639,135.5146484375,-17.185422551831486,273598415.0,1.6815411741328985,-7.275581559316679,-11.868145325788692,-11.17089345057588,-0.01724286295916866,3,18.459999084472656,7,3,0.23478682833898867,23.478682833898866,RSI 35-40,10-20% below,>20% above,High (1.5-2x),MACD_Below_Signal,VIX 15-20,3 days,5-10% drop,Jul,3
2024-07-26,116.13401264402222,116.14400233469152,111.52623350707361,113.0055160522461,293399100,40.941196712239815,-1.3796505509167787,0.7962158151995309,-2.17586636611631,78.91528593063354,43.19851308855147,135.5146484375,-16.610110157674374,275639785.0,1.0644294327830797,-4.129574398443269,-12.519354361647439,-8.815223791745586,0.006946994259762862,0,16.389999389648438,7,3,0.24068639864854235,24.068639864854234,RSI 40-45,10-20% below,>20% above,Moderate (1-1.5x),MACD_Below_Signal,VIX 15-20,0-1 days,0-5% drop,Jul,1
2024-07-29,113.63521076393421,116.22395888086476,111.24636320886141,111.53621673583984,248152100,39.60721644496379,-1.9222173720486353,0.25252917774989764,-2.1747465497985328,79.24413702011108,40.75011846937455,135.5146484375,-17.69434668364957,272271555.0,0.9114139741847069,-9.672983301462956,-13.11896742655485,-9.672983301462956,-0.01300201412935409,1,16.600000381469727,7,3,0.30076559884125587,30.076559884125587,RSI 35-40,10-20% below,>20% above,Normal (0.75-1x),MACD_Below_Signal,VIX 15-20,0-1 days,5-10% drop,Jul,2
2024-07-30,111.46624662712419,111.93602131829121,102.49057904635741,103.68000793457031,486833300,33.35010970483576,-2.9521058414463965,-0.38839782608936124,-2.5637080153570353,79.52867063522339,30.36808877407571,135.5146484375,-23.491660030843068,282368945.0,1.7241035482850282,-15.38462304800623,-17.90914431468609,-16.54867950607204,-0.07043639304958693,2,17.690000534057617,7,3,0.3986543774162874,39.86543774162874,RSI 30-35,20-30% below,>20% above,High (1.5-2x),MACD_Below_Signal,VIX 15-20,2 days,15-20% drop,Jul,6
2024-07-31,112.84558326649312,118.28295597890576,110.82655264429766,116.96359252929688,473174200,48.23970614185148,-2.665697115139409,-0.8438576838993708,-1.821839431240038,79.8789276123047,46.42609261980076,135.5146484375,-13.689336261503096,295108955.0,1.6033881452360537,2.424504725423815,-0.8221000108036614,-4.605865998160397,0.12812098358547086,0,16.360000610351562,7,3,0.21741606293065674,21.741606293065672,RSI 45-50,10-20% below,>20% above,High (1.5-2x),MACD_Below_Signal,VIX 15-20,0-1 days,0-5% gain,Jul,0
2024-08-01,117.4733618639685,120.1020993651303,106.75852653969832,109.1573715209961,523462300,42.26430024618356,-3.0336429841919568,-1.281814743957888,-1.7518282402340688,80.19756832122803,36.11057517825325,135.5146484375,-19.44976223633861,310494620.0,1.685898132470057,-2.734228386209314,-9.81087892926935,-14.865910674235794,-0.06674060568330686,1,18.59000015258789,8,3,0.271233673307135,27.1233673307135,RSI 40-45,10-20% below,>20% above,High (1.5-2x),MACD_Below_Signal,VIX 15-20,0-1 days,0-5% drop,Aug,1
2024-08-02,103.70998217587321,108.66759017560734,101.32113494189423,107.2182846069336,482027500,40.908736516306945,-3.442033228198895,-1.7138584408060895,-1.7281747873928053,80.50334579467773,33.18488014199039,135.5146484375,-20.88066799923613,323887160.0,1.4882575153643016,-5.121193767777566,-9.039284659492019,-14.75007767742026,-0.01776414077256816,2,23.389999389648438,8,3,0.259353825058358,25.935382505835804,RSI 40-45,20-30% below,>20% above,Moderate (1-1.5x),MACD_Below_Signal,VIX 20-25,2 days,5-10% drop,Aug,3
2024-08-05,92.01563932136813,103.3601765320247,90.64630432334224,100.40159606933594,552842400,36.47925333882569,-4.266553066494751,-2.224397365943822,-2.042155700550929,80.78581727981567,24.28121599807255,135.5146484375,-25.91089064763236,339645415.0,1.627704587150102,-9.982964271484052,-18.69029710597534,-21.645850364357234,-0.06357766832950096,3,38.56999969482422,8,3,0.38707315394004094,38.70731539400409,RSI 35-40,20-30% below,>20% above,High (1.5-2x),MACD_Below_Signal,VIX 35-40,3 days,5-10% drop,Aug,7
2024-08-06,103.78994676213023,107.6580842159302,100.50153921149465,104.19975280761719,409012100,40.354495293000475,-4.560935843114436,-2.6917050613779447,-1.869230781736491,81.09598346710204,28.489412610536473,135.5146484375,-23.108125941326108,345827690.0,1.1827048898253347,0.5012970999914268,-14.960448617199074,-20.650034725889732,0.03782964501538699,0,27.709999084472656,8,3,0.3176136193069534,31.761361930695344,RSI 40-45,20-30% below,>20% above,Moderate (1-1.5x),MACD_Below_Signal,VIX 25-30,0-1 days,0-5% gain,Aug,4
2024-08-07,107.75803985921162,108.74756823143176,98.64244001125142,98.86233520507812,411440400,36.943621292179245,-5.165378045590359,-3.1864396582204275,-1.978938387369931,81.37993721008301,21.482442226348923,135.5146484375,-27.04675373107439,353950780.0,1.1624226396675832,-15.47597584238426,-13.426686882564509,-26.68446415505722,-0.05122293919826737,1,27.850000381469727,8,3,0.35750408779569565,35.75040877956957,RSI 35-40,20-30% below,>20% above,Moderate (1-1.5x),MACD_Below_Signal,VIX 25-30,0-1 days,15-20% drop,Aug,7
2024-08-08,101.95084088326249,105.44915405082541,97.47299667346623,104.9194107055664,391910000,42.84735275287169,-5.096893656658295,-3.5685304579080013,-1.5283631987502941,81.6977438735962,28.42387773632902,135.5146484375,-22.577070512081402,354807145.0,1.1045718935564277,-3.8824320853260263,-6.510505911383058,-17.60597493416475,0.06126777693368868,0,23.790000915527344,8,3,0.25769631857831277,25.76963185783128,RSI 40-45,20-30% below,>20% above,Moderate (1-1.5x),MACD_Below_Signal,VIX 20-25,0-1 days,0-5% drop,Aug,3
2024-08-09,105.58909444979487,106.54863093775165,103.3801603016259,104.69952392578125,290844200,42.691089943779374,-5.002694363926196,-3.8553632391116404,-1.1473311248145555,82.00651662826539,27.67220000379117,135.5146484375,-22.739331036918,356715330.0,0.8153397836868967,-2.3491894972823113,-7.3500767189317635,-18.94924893028319,-0.0020957683454991827,1,20.3700008392334,8,3,0.24496545114629442,24.49654511462944,RSI 40-45,20-30% below,>20% above,Normal (0.75-1x),MACD_Below_Signal,VIX 20-25,0-1 days,0-5% drop,Aug,3
2024-08-12,106.26875735419573,111.01646802839923,106.20878871222484,108.96745300292969,325559900,46.75038710737497,-4.531419158464132,-3.9905744229821387,-0.5408447354819934,82.33319145202637,32.3493612736031,135.5146484375,-19.589908353571094,362577015.0,0.8979055111918774,8.53159438588833,-2.303075904926888,-15.119903553705537,0.04076359583233513,0,20.709999084472656,8,3,0.18262636265627608,18.262636265627606,RSI 45-50,10-20% below,>20% above,Normal (0.75-1x),MACD_Below_Signal,VIX 20-25,0-1 days,>5% gain,Aug,2
2024-08-13,112.38580888904526,116.1739831093698,111.52622277964618,116.08402252197266,312646700,52.75914408898278,-3.5428427918854055,-3.901028096762792,0.35818530487738665,82.70486253738403,40.35936819252999,135.5146484375,-14.33839525067199,367470875.0,0.8508067476095895,11.405276302619693,11.963747721962159,-8.088001437695091,0.06530912967977365,0,18.1200008392334,8,3,0.1253674164241212,12.53674164241212,RSI>50,10-20% below,>20% above,Normal (0.75-1x),MACD_Hist_Pos,VIX 15-20,0-1 days,>5% gain,Aug,0
2024-08-14,118.4728819117515,118.54284787534027,114.0150319977807,118.02310180664062,339246400,54.27322239294888,-2.573258484342972,-3.6354741742788286,1.0622156899358566,83.09348894119263,42.03652212770674,135.5146484375,-12.907495117715307,364928885.0,0.9296233155125553,19.381260377691632,0.9058453613062234,0.07629839568941144,0.016704101413275385,0,16.190000534057617,8,3,0.1409280595834752,14.09280595834752,RSI>50,10-20% below,>20% above,Normal (0.75-1x),MACD_Hist_Pos,VIX 15-20,0-1 days,>5% gain,Aug,0
2024-08-15,118.70276637796893,123.18060299513529,117.41338717159643,122.80078887939453,318086700,57.85716574413981,-1.4031617420391171,-3.1890116878308863,1.7858499457917691,83.50513437271118,47.05777052138348,135.5146484375,-9.381907937405867,364784245.0,0.8719858501564397,17.042964741775315,12.498851125023801,1.4617250443287544,0.04048094821792847,0,15.229999542236328,8,3,0.13699788360215703,13.699788360215702,RSI>50,<10% below,>20% above,Normal (0.75-1x),MACD_Hist_Pos,VIX 15-20,0-1 days,>5% gain,Aug,0
2024-08-16,121.88123149659879,124.93975424016854,121.12159565561768,124.51995849609375,302589900,59.099406735489545,-0.33328709711236115,-2.6178667696871813,2.28457967257482,83.9220729637146,48.375694377726425,135.5146484375,-8.113285219108288,369052550.0,0.8199100642984312,18.930778123081705,16.136868774378144,5.6389266112413905,0.013999662643760846,0,14.800000190734863,8,3,0.12571570018650724,12.571570018650725,RSI>50,<10% below,>20% above,Normal (0.75-1x),MACD_Hist_Pos,VIX<15,0-1 days,>5% gain,Aug,0
2024-08-19,124.22011749326396,129.93736267089844,123.36053125322975,129.93736267089844,318333600,62.818726912161395,0.9408895200894563,-1.906115511731854,2.8470050318213103,84.36800228118896,54.01261041814405,135.5146484375,-4.115633129634568,372065785.0,0.8555841811683921,19.24419548230145,29.41762656956719,5.229087656213394,0.04350631208228872,0,14.649999618530273,8,3,0.07655067332505427,7.6550673325054275,RSI>50,<10% below,>20% above,Normal (0.75-1x),MACD_Hist_Pos,VIX<15,0-1 days,>5% gain,Aug,0
2024-08-20,128.33813000806336,129.81742791620712,125.82934483165957,127.18869018554688,300087400,59.84514880800562,1.709186335076069,-1.1830551423702693,2.8922414774463383,84.79246856689453,49.99998506377379,135.5146484375,-6.143954434411639,378374605.0,0.7930960377216647,9.566060360694607,22.062372278726894,3.801293793033711,-0.021153826958250077,1,15.880000114440918,8,3,0.0768655468374908,7.686554683749081,RSI>50,<10% below,>20% above,Normal (0.75-1x),MACD_Hist_Pos,VIX 15-20,0-1 days,>5% gain,Aug,0
2024-08-21,127.25863301570179,129.28766098618868,126.59895509298427,128.4380645751953,257883600,60.75450559318327,2.391315570663437,-0.4681809997635281,2.8594965704269653,85.21728088378906,50.71833229500305,135.5146484375,-5.222006582977221,374879940.0,0.6879098412147633,8.824511988862739,29.916074012176487,12.472649544440785,0.009822999103346497,0,16.270000457763672,8,3,0.07012626469930971,7.0126264699309715,RSI>50,<10% below,>20% above,Low (<0.75x),MACD_Hist_Pos,VIX 15-20,0-1 days,>5% gain,Aug,0
2024-08-22,129.95734653679833,130.68699047324503,123.04067554756361,123.68036651611328,376189100,55.59159737231459,2.5189643793516865,0.12924807605951477,2.3897163032921718,85.61081495285035,44.46815695450337,135.5146484375,-8.732843318296137,370686045.0,1.0148455952799627,0.7162638324600623,17.881301166659647,10.206632085789003,-0.03704274176676492,1,17.549999237060547,8,3,0.0854270668624264,8.54270668624264,RSI>50,<10% below,>20% above,Moderate (1-1.5x),MACD_Hist_Pos,VIX 15-20,0-1 days,0-5% gain,Aug,0
2024-08-23,125.79934477343178,129.53754784197983,125.15965381933411,129.30764770507812,323230300,59.929025051680576,3.0391679068812607,0.711232042223864,2.3279358646573964,86.02875802993775,50.30746771920089,135.5146484375,-4.580317186362752,372177605.0,0.868484013163554,3.84491712558237,23.503567978724462,14.42596098167015,0.04549858112064786,0,15.859999656677246,8,3,0.06926938913935854,6.926938913935854,RSI>50,<10% below,>20% above,Normal (0.75-1x),MACD_Hist_Pos,VIX 15-20,0-1 days,0-5% gain,Aug,0
2024-08-26,129.50755712849073,131.196729770517,124.31005885081005,126.3990478515625,331964700,56.83885445688,3.180075321538453,1.205000698086782,1.9750746234516712,86.4311388015747,46.242488071046466,135.5146484375,-6.726653310945687,376368235.0,0.8820210345328425,-2.7230926860488003,15.997065516585174,13.325565050250443,-0.022493641367210437,1,16.149999618530273,8,3,0.14259313001648533,14.259313001648533,RSI>50,<10% below,>20% above,Normal (0.75-1x),MACD_Hist_Pos,VIX 15-20,0-1 days,0-5% drop,Aug,0
2024-08-27,124.98974063480068,129.1377346219971,123.82029866993177,128.23817443847656,303134600,58.30292877560149,3.40094364683236,1.6441892878358977,1.7567543589964623,86.83962236404419,47.672422964811716,135.5146484375,-5.369511032882458,367183300.0,0.8255675026614773,0.8251396027419311,10.470133315894813,23.68650137392374,0.014550161715409793,0,15.430000305175781,8,3,0.16487187325124997,16.487187325124996,RSI>50,<10% below,>20% above,Normal (0.75-1x),MACD_Hist_Pos,VIX 15-20,0-1 days,0-5% gain,Aug,0
2024-08-28,128.05825393148814,128.26815944285755,122.580899020736,125.54946899414062,448101100,55.34708678934322,3.3207478132913195,1.9795009929269822,1.3412468203643373,87.2327837562561,43.92463886621819,135.5146484375,-7.3535810026879584,365929645.0,1.2245553376797336,-2.2490183035758338,6.377028795456141,7.340640176295166,-0.020966498128261124,1,17.110000610351562,8,3,0.11584769585841537,11.584769585841537,RSI>50,<10% below,>20% above,Moderate (1-1.5x),MACD_Hist_Pos,VIX 15-20,0-1 days,0-5% drop,Aug,0
2024-08-29,121.30151255769351,124.37003270157089,116.65375204642187,117.5333251953125,453023300,47.59898235106842,2.580608577268123,2.0997225097952104,0.4808860674729125,87.57894424438477,34.20271985392001,135.5146484375,-13.268914799628154,362407695.0,1.2500377509920146,-4.970102768898199,-4.289437985007838,7.6732826721696235,-0.06384848827359224,2,15.649999618530273,8,3,0.19169692459647725,19.169692459647724,RSI 45-50,10-20% below,>20% above,Moderate (1-1.5x),MACD_Hist_Pos,VIX 15-20,2 days,0-5% drop,Aug,0
2024-08-30,119.47240368041436,121.6913352015347,117.1635191858143,119.31248474121094,333751600,49.29558656638019,2.113246021911152,2.102427212218399,0.010818809692753284,87.93257654190063,35.68632858649094,135.5146484375,-11.956023856536497,354993900.0,0.9401615070005428,-7.729753917311932,-4.182039423861661,11.279979136595175,0.015137490094336181,0,15.0,8,3,0.1387366047158154,13.87366047158154,RSI 45-50,10-20% below,>20% above,Normal (0.75-1x),MACD_Hist_Pos,VIX<15,0-1 days,5-10% drop,Aug,0
2024-09-03,115.95409419910477,116.15399476413343,107.238295351223,107.94795227050781,477155100,40.316282772400754,0.816423811112017,1.8452265319971226,-1.0288027208851056,88.22420980453491,22.356383253159002,135.5146484375,-20.342226087614492,351209535.0,1.3586051984607992,-14.597495704811669,-16.92308505297646,7.51617155165587,-0.095250153371232,1,20.719999313354492,9,3,0.23380173544984317,23.380173544984316,RSI 40-45,20-30% below,>20% above,Moderate (1-1.5x),MACD_Below_Signal,VIX 20-25,0-1 days,10-15% drop,Sep,4
2024-09-04,105.3592035946603,113.21540862229497,104.06982436712501,106.1588134765625,372470300,39.10851592435025,-0.3516322841719841,1.4058547687633014,-1.7574870529352855,88.51073463439941,19.938913528466205,135.5146484375,-21.66248099331974,349382445.0,1.0660818977324404,-17.217463566207304,-16.53439207393781,1.8801010714126098,-0.016574087384834235,2,21.31999969482422,9,3,0.2407526335216459,24.07526335216459,RSI 35-40,20-30% below,10-20% above,Moderate (1-1.5x),MACD_Below_Signal,VIX 20-25,2 days,15-20% drop,Sep,6
2024-09-05,104.93940145906154,109.5971593888533,104.70951657024186,107.15833282470703,306850700,40.18655205363141,-1.1830350058767323,0.8880768138352946,-2.071111819712027,88.79929916381836,20.6747506272765,135.5146484375,-20.92490807432603,344152960.0,0.8916113927946457,-14.648517685321238,-16.568088144951652,8.391464355378474,0.00941532139830481,0,19.899999618530273,9,3,0.27097338306614027,27.097338306614027,RSI 40-45,20-30% below,>20% above,Normal (0.75-1x),MACD_Below_Signal,VIX 15-20,0-1 days,10-15% drop,Sep,3
2024-09-06,107.98792932713482,108.09787692095124,100.90134249947533,102.78044128417969,413638100,37.089251817525586,-2.170170537443852,0.2764273435794653,-2.446597881023317,89.06688358306884,15.396920998499738,135.5146484375,-24.15547509494332,345239365.0,1.1981197451223444,-12.552085875743767,-16.898337076977143,-2.0386784552090864,-0.04085442004485862,1,22.3799991607666,9,3,0.299140609330506,29.9140609330506,RSI 35-40,20-30% below,10-20% above,Moderate (1-1.5x),MACD_Below_Signal,VIX 20-25,0-1 days,10-15% drop,Sep,5
2024-09-09,104.82944076397388,106.49864155056005,103.64001957859954,106.4186782836914,273912000,41.1487200214794,-2.628606301104398,-0.30457938535730733,-2.3240269157470905,89.34710809707641,19.107020417568055,135.5146484375,-21.47071957850209,344392755.0,0.7953477418536287,-10.80675378229381,-17.701172225784624,1.6419887058214622,0.035398145348026766,0,19.450000762939453,9,3,0.2936159699936387,29.36159699936387,RSI 40-45,20-30% below,10-20% above,Normal (0.75-1x),MACD_Below_Signal,VIX 15-20,0-1 days,10-15% drop,Sep,3
2024-09-10,107.7580285866342,109.34726610485653,104.89940661736314,108.04788970947266,268283700,42.92480143475377,-2.8278584090256658,-0.8092351900909791,-2.0186232189346867,89.6378020477295,20.538307768791935,135.5146484375,-20.268479492602708,341528945.0,0.7855372258418682,0.0925792818324167,-14.518430679668281,-0.8438880308896501,0.01530944992041805,0,19.079999923706055,9,3,0.30297662351637866,30.297662351637868,RSI 40-45,20-30% below,>20% above,Normal (0.75-1x),MACD_Below_Signal,VIX 15-20,0-1 days,0-5% gain,Sep,2
2024-09-11,109.33727332924734,117.13351677378026,107.36822165058582,116.85365295410156,441422400,51.45277102807485,-2.249287255728305,-1.0972456032184443,-1.1520416525098607,89.97866054534911,29.868184573838473,135.5146484375,-13.770463708950976,347967730.0,1.2685728070243756,10.074377366604836,-8.877638452219882,0.6629942824243784,0.08149870643754831,0,17.690000534057617,9,3,0.2581707706107019,25.817077061070194,RSI>50,10-20% below,>20% above,Moderate (1-1.5x),MACD_Below_Signal,VIX 15-20,0-1 days,>5% gain,Sep,0
2024-09-12,116.79368208487448,120.7421209186122,115.33426173002456,119.0927734375,366052700,53.361051069990275,-1.5917385670820323,-1.196144195991162,-0.39559437109087026,90.33541130065917,31.833985945034364,135.5146484375,-12.118154892733864,349308045.0,1.0479366428563075,11.13720258443709,-5.142750191115475,0.9063239437748782,0.019161749990630916,0,17.06999969482422,9,3,0.23577425564366017,23.577425564366017,RSI>50,10-20% below,>20% above,Moderate (1-1.5x),MACD_Below_Signal,VIX 15-20,0-1 days,>5% gain,Sep,0
2024-09-13,119.03279143615939,119.91243980632909,117.55337484057826,119.05278015136719,238358300,53.320735935950616,-1.0616159698332268,-1.169238550759575,0.10762258092634824,90.68963375091553,31.274959692033516,135.5146484375,-12.147667042596582,345321625.0,0.6902501399963006,15.832135631910527,1.2927864956851387,-3.052104764333674,-0.0003358162294692102,1,16.559999465942383,9,3,0.1975637005922528,19.756370059225283,RSI>50,10-20% below,>20% above,Low (<0.75x),MACD_Hist_Pos,VIX 15-20,0-1 days,>5% gain,Sep,0
2024-09-16,116.74370178435876,118.13315013570288,114.31466480568342,116.73370361328125,248772300,50.91841363645346,-0.8191771235188412,-1.0992262653114284,0.2800491417925872,91.03436435699463,28.230371506199255,135.5146484375,-13.85897763877579,342630745.0,0.7260653155921545,9.69287111618884,-2.16136738206657,-6.25301756991572,-0.019479398424273597,2,17.139999389648438,9,3,0.014113376538836597,1.4113376538836597,RSI>50,10-20% below,>20% above,Low (<0.75x),MACD_Hist_Pos,VIX 15-20,2 days,>5% gain,Sep,0
2024-09-17,118.12315326201993,118.75290839853001,114.78448096424103,115.54417419433594,231925900,49.681957747613794,-0.7147880423220698,-1.0223386207135567,0.3075505783914869,91.37155340194703,26.455302435378997,135.5146484375,-14.736764234292016,338310360.0,0.6855418202386708,6.937927714293957,7.036930079778325,-11.077020635717494,-0.010190111185763628,3,17.610000610351562,9,3,0.1160039422616872,11.60039422616872,RSI 45-50,10-20% below,>20% above,Low (<0.75x),MACD_Hist_Pos,VIX 15-20,3 days,>5% gain,Sep,1
2024-09-18,115.84405559100924,117.65333558843457,113.17511592459984,113.32505798339844,310318900,47.37092971716762,-0.8018795078715044,-0.9782467981451464,0.17636729027364195,91.70449211120605,23.576343289676657,135.5146484375,-16.37431134563693,338821935.0,0.9158760633369265,-3.0196702298122435,6.7504941626142845,-10.90005108309845,-0.01920578191337563,4,18.229999542236328,9,3,0.091192710900728,9.1192710900728,RSI 45-50,10-20% below,>20% above,Normal (0.75-1x),MACD_Hist_Pos,VIX 15-20,4 days,0-5% drop,Sep,2
2024-09-19,117.30346699468771,119.61255622221333,117.20350817184061,117.8232650756836,293506400,52.22241571801085,-0.5021439990698582,-0.8830262383300889,0.3808822392602307,92.0599468421936,27.98537161622818,135.5146484375,-13.054960158034692,340603075.0,0.8617256318076401,-1.0659827000188637,9.952499231602086,-8.26452775866704,0.03969296087140872,0,16.329999923706055,9,3,0.05759398668590343,5.759398668590343,RSI>50,10-20% below,>20% above,Normal (0.75-1x),MACD_Hist_Pos,VIX 15-20,0-1 days,0-5% drop,Sep,0
2024-09-20,117.01358731596827,118.57297401582413,115.34425124357021,115.95401000976562,382462400,50.153402387029956,-0.4107004119729254,-0.7885610730586563,0.3778606610857309,92.41232591629029,25.474614841747485,135.5146484375,-14.43433507245959,340916740.0,1.1218645350181395,-2.602854076705896,12.817194167479862,-6.247035583728689,-0.015864906346953256,1,16.149999618530273,9,3,0.0351575607942034,3.51575607942034,RSI>50,10-20% below,>20% above,Moderate (1-1.5x),MACD_Hist_Pos,VIX 15-20,0-1 days,0-5% drop,Sep,0
2024-09-23,116.50380656220895,116.94362697511984,114.81447398076047,116.21392059326172,206228500,50.44737917584003,-0.3136426215528587,-0.6935773827574968,0.3799347612046381,92.7607077217102,25.28356396537324,135.5146484375,-14.24253987799693,335066650.0,0.6154850087288604,-0.4452724482566617,9.20443898340675,-10.12602683924796,0.0022414971545545725,0,15.890000343322754,9,3,0.003509691945276394,0.3509691945276394,RSI>50,10-20% below,>20% above,Low (<0.75x),MACD_Hist_Pos,VIX 15-20,0-1 days,0-5% drop,Sep,0
2024-09-24,116.4738010232417,121.75171411597229,115.33425359874879,120.82208251953125,354966800,55.46260801643374,0.13357674251344065,-0.5281465577033094,0.6617233002167501,93.13744215011597,29.72450147900138,135.5146484375,-10.842049983065138,336216755.0,1.0557677293625656,4.567870567250143,11.822713839582445,-4.412189353341168,0.03965240913261736,0,15.390000343322754,9,3,-0.018299180772994306,-1.8299180772994306,RSI>50,10-20% below,>20% above,Moderate (1-1.5x),MACD_Hist_Pos,VIX 15-20,0-1 days,0-5% gain,Sep,0
2024-09-25,121.97162190060216,124.89047006468225,121.5617884105282,123.4610366821289,284692900,58.079236744639175,0.6929549040545027,-0.28392626535174703,0.9768811694062497,93.52190969467163,32.01295513019559,135.5146484375,-8.8946928574517,335294670.0,0.8490826889672896,8.944163699625317,5.654409221269807,-3.7252072382233825,0.02184165433641705,0,15.40999984741211,9,3,0.010757009903113124,1.0757009903113124,RSI>50,<10% below,>20% above,Normal (0.75-1x),MACD_Hist_Pos,VIX 15-20,0-1 days,>5% gain,Sep,0
2024-09-26,126.7497296956914,127.61937987933592,121.75171208350119,123.9908218383789,302582900,58.60503299705992,1.165579289190049,0.005974845556612179,1.1596044436334367,93.90447891235351,32.03930555230142,135.5146484375,-8.503749765794462,328018760.0,0.92245608147534,5.234583134946735,4.112800684291229,-1.2414605718758187,0.004291112163702371,0,15.369999885559082,9,3,0.0374789137768452,3.74789137768452,RSI>50,<10% below,>20% above,Normal (0.75-1x),MACD_Hist_Pos,VIX 15-20,0-1 days,>5% gain,Sep,0
2024-09-27,123.92085618310571,123.98082995705606,119.21272426875333,121.35187530517578,271009200,54.910502850698,1.3120718414003818,0.2671942447253661,1.0448775966750157,94.27824569702149,28.716730363396675,135.5146484375,-10.451101261467063,318918055.0,0.8497769121287285,4.655177768285501,1.9311562072598765,3.248908429603059,-0.02128340222345626,1,16.959999084472656,9,3,0.06959591490744299,6.959591490744299,RSI>50,10-20% below,>20% above,Normal (0.75-1x),MACD_Hist_Pos,VIX 15-20,0-1 days,0-5% gain,Sep,0
2024-09-30,118.26309688166123,121.45183473616015,118.1031642748816,121.39186096191406,226553700,54.95683809898647,1.41508256185881,0.4967719081520549,0.9183106537067551,94.64706554412842,28.257395265272216,135.5146484375,-10.42159474154518,313558160.0,0.7225252884504744,4.45552507153999,3.9904133977145984,1.7427985220602071,0.0003295017620266183,0,16.729999542236328,9,3,0.09996044264516657,9.996044264516657,RSI>50,10-20% below,>20% above,Low (<0.75x),MACD_Hist_Pos,VIX 15-20,0-1 days,0-5% gain,Sep,0
2024-10-01,121.72171083436712,122.39145095337135,115.74408637181682,116.95360565185547,302094500,48.944631487287346,1.1256138131323183,0.6225402891481077,0.5030735239842107,94.9915404701233,23.120022133591643,135.5146484375,-13.69670585405752,304805130.0,0.9911070066307611,-3.201796217219177,1.219820443001285,8.342588434452459,-0.03656139114179224,1,19.260000228881836,10,4,0.13512105509022798,13.512105509022799,RSI 45-50,10-20% below,>20% above,Normal (0.75-1x),MACD_Hist_Pos,VIX 15-20,0-1 days,0-5% drop,Oct,0
2024-10-02,116.39384623986545,119.33267565347262,115.09435850244638,118.80288696289062,221845900,51.333633229304574,1.0335155668550158,0.7047353446894893,0.3287802221655265,95.34395259857178,24.60453308778627,135.5146484375,-12.332070124741474,297273910.0,0.7462676425253734,-3.772971493210009,4.833731459722412,11.910526382361697,0.015812093186250653,0,18.899999618530273,10,4,0.10348367156588623,10.348367156588623,RSI>50,10-20% below,>20% above,Low (<0.75x),MACD_Hist_Pos,VIX 15-20,0-1 days,0-5% drop,Oct,0
2024-10-03,120.87206480654892,124.31070361178112,120.29229289145833,122.80130004882812,277118000,56.11508396774831,1.2685425936714552,0.8174967944858824,0.45104579918557275,95.71365840911865,28.300706597094017,135.5146484375,-9.38153073136985,295787275.0,0.9368827648180605,-0.9593627753361589,4.225001717569876,14.597994212648269,0.03365585793539205,0,20.489999771118164,10,4,0.1013374162173366,10.13374162173366,RSI>50,<10% below,>20% above,Normal (0.75-1x),MACD_Hist_Pos,VIX 20-25,0-1 days,0-5% drop,Oct,1
2024-10-04,124.890479741768,124.99043857930913,121.78171184810518,124.8704833984375,243678100,58.39327576410041,1.6032873110187467,0.9746548977924553,0.6286324132262914,96.08777879714965,29.954594602556945,135.5146484375,-7.854623217335534,287289275.0,0.8481976920300975,2.8995086268037706,7.689663676073755,21.492456967742157,0.01684984889237029,0,19.209999084472656,10,4,0.11158790993402334,11.158790993402334,RSI>50,<10% below,>20% above,Normal (0.75-1x),MACD_Hist_Pos,VIX 15-20,0-1 days,0-5% gain,Oct,0
2024-10-07,124.94045138468705,130.58821322989388,124.9004663256647,127.66937255859375,346250200,61.318440914251866,2.070553819596526,1.1938346821532695,0.8767191374432566,96.47825717926025,32.32968369378732,135.5146484375,-5.7892456419753975,290906185.0,1.1902469519511936,5.171278821278813,9.857211517220122,19.968951520194732,0.02241433751181643,0,22.639999389648438,10,4,0.09152521710446115,9.152521710446116,RSI>50,<10% below,>20% above,Moderate (1-1.5x),MACD_Hist_Pos,VIX 20-25,0-1 days,>5% gain,Oct,1
2024-10-08,130.20834865989482,133.42707320550807,129.36868536610157,132.83731079101562,285722500,66.06281552309599,2.8253069395062624,1.5201291336238683,1.3051778058823942,96.90203569412232,37.08412815013028,135.5146484375,-1.9756813579597454,291778125.0,0.9792457882166458,13.5812017514384,9.944563130288774,22.942994211361878,0.04047907598237832,0,21.420000076293945,10,4,0.04778082587053478,4.778082587053478,RSI>50,<10% below,>20% above,Normal (0.75-1x),MACD_Hist_Pos,VIX 20-25,0-1 days,>5% gain,Oct,1
2024-10-09,134.0568400839603,134.46668122269037,131.32792651292905,132.597412109375,246191600,65.6602166596659,3.3653032846094533,1.8891639638209854,1.4761393207884679,97.32022239685058,36.2485707941272,135.5146484375,-2.1527092176093743,282016585.0,0.8729685170820716,11.611270987710288,7.400209550134607,13.473056902600522,-0.0018059585835642489,1,20.860000610351562,10,4,0.056310978809432255,5.6310978809432255,RSI>50,<10% below,>20% above,Normal (0.75-1x),MACD_Hist_Pos,VIX 20-25,0-1 days,>5% gain,Oct,1
2024-10-10,131.8577168886846,134.94648840712318,130.94807393580103,134.75656127929688,242311300,67.57547997906569,3.92226612940361,2.2957843969375107,1.6264817324660994,97.75000434875489,37.85836857716045,135.5146484375,-0.5594134412360288,275829515.0,0.8784821305290698,9.735451681468454,8.682690606689448,13.152593049667495,0.016283494040900903,0,20.93000030517578,10,4,-0.002750184964885549,-0.2750184964885549,RSI>50,<10% below,>20% above,Normal (0.75-1x),MACD_Hist_Pos,VIX 20-25,0-1 days,>5% gain,Oct,1
2024-10-11,133.9568713960576,135.72617401836632,133.60701929174726,134.74656677246094,170209500,67.55669707441447,4.313137558490141,2.699255029248037,1.6138825292421037,98.17749273300171,37.24792008990343,135.5146484375,-0.5667886637312906,272422075.0,0.6248006884170455,7.9090615373937245,11.037894085773448,13.18220926982152,-7.416712582342111e-05,1,20.459999084472656,10,4,-0.03346453772731217,-3.346453772731217,RSI>50,<10% below,>20% above,Low (<0.75x),MACD_Hist_Pos,VIX 20-25,0-1 days,>5% gain,Oct,1
2024-10-14,136.4159022137037,139.54466630986312,136.24597143489578,138.01527404785156,232347700,70.44961493569413,4.830974870386925,3.125598997475815,1.7053758729111097,98.62063507080079,39.945635057783754,138.01527404785156,0.0,271600845.0,0.8554748789533405,8.103667529586689,13.694009593569856,18.23087058479058,0.02425818596855467,0,19.700000762939453,10,4,-0.08279337386341512,-8.279337386341512,RSI>50,<10% below,>20% above,Normal (0.75-1x),MACD_Hist_Pos,VIX 15-20,0-1 days,>5% gain,Oct,0
2024-10-15,137.8153397242487,138.5150744275185,128.68896947491228,131.54783630371094,377831000,59.20139298128283,4.665713059714932,3.433621809923639,1.232091249791293,99.03091550827027,32.835120859531095,138.01527404785156,-4.686030433050683,278896100.0,1.3547374810906283,-0.9707170971966828,12.478649606835734,13.850687168751708,-0.04686030433050681,1,20.639999389648438,10,4,-0.002362918317216134,-0.2362918317216134,RSI>50,<10% below,>20% above,Moderate (1-1.5x),MACD_Hist_Pos,VIX 20-25,0-1 days,0-5% drop,Oct,1
2024-10-16,133.92688301499192,136.56583584893667,131.527840530584,135.66619873046875,264879700,63.227667827014834,4.811594249958702,3.7092162979306518,1.1023779520280503,99.46178775787354,36.40032196156581,138.01527404785156,-1.7020401064945605,276624140.0,0.9575436908723873,2.314363887103932,14.194361937387567,19.71421073558435,0.03130695678832418,0,19.579999923706055,10,4,-0.11466046640317984,-11.466046640317984,RSI>50,<10% below,>20% above,Normal (0.75-1x),MACD_Hist_Pos,VIX 15-20,0-1 days,0-5% gain,Oct,0
2024-10-17,139.28475003463748,140.83413853249198,136.81572813387166,136.87570190429688,306435900,64.34067591970674,4.967540230541019,3.9608810844527254,1.0066591460882934,99.90547340393067,37.005208264106635,138.01527404785156,-0.8256855275015315,277270615.0,1.1051870750890787,1.5725695319635413,11.461117960373791,16.170352108622165,0.008915287559807528,0,19.110000610351562,10,4,-0.08764614639934554,-8.764614639934553,RSI>50,<10% below,>20% above,Moderate (1-1.5x),MACD_Hist_Pos,VIX 15-20,0-1 days,0-5% gain,Oct,0
2024-10-18,138.61502982502418,138.8449343829922,137.22558142668973,137.94529724121094,176090200,65.33976860031382,5.118433829320381,4.192391633426256,0.9260421958941247,100.35750019073487,37.45389928907996,138.01527404785156,-0.050702219101027325,266952005.0,0.6596324309307959,2.3738864338944676,10.470700110172748,18.965525409249075,0.007814355082992996,0,18.030000686645508,10,4,-0.17342135836501615,-17.342135836501615,RSI>50,<10% below,>20% above,Low (<0.75x),MACD_Hist_Pos,VIX 15-20,0-1 days,0-5% gain,Oct,0
2024-10-21,138.07524085271365,143.6530303955078,137.94528751258602,143.6530303955078,264554500,70.14656591376341,5.633643324099182,4.480641971560841,1.1530013525383414,100.83592193603516,42.462157966516635,143.6530303955078,0.0,269868305.0,0.9803096365836662,4.084878566195194,12.519571073773683,23.610863192784382,0.04137678680206358,0,18.3700008392334,10,4,-0.1928328754376918,-19.283287543769177,RSI>50,<10% below,>20% above,Normal (0.75-1x),MACD_Hist_Pos,VIX 15-20,0-1 days,0-5% gain,Oct,0
2024-10-22,142.85335791004843,144.3627538949317,141.72380093133486,143.5330810546875,226311600,69.92708907822184,5.963527814768156,4.7772191402023045,1.1863086745658515,101.30825229644775,41.67955502250858,143.6530303955078,-0.08349934595188564,263435545.0,0.8590776920403813,9.110940238732358,8.05178168692291,18.797059330180765,-0.0008349934595188735,1,18.200000762939453,10,4,-0.18303445756716785,-18.303445756716783,RSI>50,<10% below,>20% above,Normal (0.75-1x),MACD_Hist_Pos,VIX 15-20,0-1 days,>5% gain,Oct,0
2024-10-23,141.97369118156848,142.37352650102258,137.40551088320953,139.50466918945312,285930000,62.81839543200799,5.832669100945736,4.988309132350991,0.8443599685947456,101.74467025756836,37.11250804223424,143.6530303955078,-2.887764493817745,263497400.0,1.0851340468634605,2.829349163538031,5.2091944859229855,12.994895343889933,-0.028066086477301466,2,19.239999771118164,10,4,-0.20766965291409056,-20.766965291409058,RSI>50,<10% below,>20% above,Moderate (1-1.5x),MACD_Hist_Pos,VIX 15-20,2 days,0-5% gain,Oct,0
2024-10-24,140.76418072009866,141.293969386979,138.40511570705533,140.35433959960938,172354900,63.6575838036238,5.731455279804493,5.1369383618416915,0.5945169179628014,102.18090427398681,37.35867831357678,143.6530303955078,-2.2962904345396886,256986000.0,0.6706781692387912,2.5414574295624437,4.153993146731105,13.197362126174305,0.00609062345434741,0,19.079999923706055,10,4,-0.19736652424120993,-19.736652424120994,RSI>50,<10% below,>20% above,Low (<0.75x),MACD_Hist_Pos,VIX 15-20,0-1 days,0-5% gain,Oct,0
2024-10-25,140.8741279131319,144.0728716327459,140.74418981710016,141.48388671875,205122100,64.79513906673566,5.676947295197323,5.244940148512818,0.432007146684505,102.61673973083496,37.87602986594981,143.6530303955078,-1.5099881086989195,253691645.0,0.8085488980135708,2.565212115460147,4.999993771764144,16.589781874360177,0.008047824686881144,0,20.329999923706055,10,4,-0.24411919690156303,-24.411919690156303,RSI>50,<10% below,>20% above,Normal (0.75-1x),MACD_Hist_Pos,VIX 20-25,0-1 days,0-5% gain,Oct,1
2024-10-28,142.94330695476953,143.08325084097928,139.9944795471596,140.46429443359375,173586700,62.88180596799778,5.488212056074417,5.293594530025137,0.19461752604927973,103.04511865615845,36.313389964929655,143.6530303955078,-2.2197484822525384,251043295.0,0.6914612079163477,-2.219748482252537,1.774456053967688,15.711459829801555,-0.007206419817848642,1,19.799999237060547,10,4,-0.22596433989016096,-22.596433989016095,RSI>50,<10% below,>20% above,Low (<0.75x),MACD_Hist_Pos,VIX 15-20,0-1 days,0-5% drop,Oct,0
2024-10-29,140.23437413304583,142.20359433012132,138.8449258203989,141.19400024414062,157593600,63.70778231798866,5.336008989727446,5.302077421965599,0.03393156776184725,103.4777057647705,36.44871540262813,143.6530303955078,-1.7117843909014285,243818250.0,0.6463568662313014,-1.629645788524292,7.33281839631259,20.726504717129757,0.005194955867534379,0,19.34000015258789,10,4,-0.18046991934760503,-18.046991934760502,RSI>50,<10% below,>20% above,Low (<0.75x),MACD_Hist_Pos,VIX 15-20,0-1 days,0-5% drop,Oct,0
2024-10-30,139.48467718743143,140.27437255912164,136.75576367804047,139.28475952148438,179418100,59.94889322294782,5.003648250585854,5.242391587689651,-0.2387433371037968,103.89239177703857,34.06637111637652,143.6530303955078,-3.0408483983920456,241696860.0,0.7423269793409811,-0.1576360628260387,2.667253026086991,17.24021451178328,-0.013522109433509621,1,20.350000381469727,10,4,-0.17038466434549937,-17.03846643454994,RSI>50,<10% below,>20% above,Low (<0.75x),MACD_Below_Signal,VIX 20-25,0-1 days,0-5% drop,Oct,1
2024-10-31,137.54545990469654,137.55545044959692,132.05763071180766,132.70736694335938,270039600,49.18280210067933,4.161537742170509,5.026220818585823,-0.8646830764153135,104.2758348274231,27.26569599082143,143.6530303955078,-7.619514480141952,241342940.0,1.1189040789840383,-5.448333609110067,-3.0453432588437024,8.066744318335717,-0.047222629386888926,2,23.15999984741211,10,4,-0.08338672271593672,-8.338672271593673,RSI 45-50,<10% below,>20% above,Moderate (1-1.5x),MACD_Below_Signal,VIX 20-25,2 days,5-10% drop,Oct,1
2024-11-01,134.64660922766117,137.25557537634637,134.5166711244238,135.34632873535156,207127800,52.842081190147,3.664855090868201,4.7539476730422985,-1.0890925821740973,104.66720588684082,29.311112863449285,143.6530303955078,-5.782475759325164,239515425.0,0.8647785419248051,-4.3379907957992625,-1.884057345800505,8.389368769789796,0.019885571183990924,0,21.8799991607666,11,4,-0.11706627138923686,-11.706627138923686,RSI>50,<10% below,>20% above,Normal (0.75-1x),MACD_Below_Signal,VIX 20-25,0-1 days,0-5% drop,Nov,1
2024-11-04,137.15562237613318,138.90492874894582,135.51627301400697,135.99607849121094,187528200,53.725615016626094,3.2857834204763208,4.460314822529103,-1.1745314020527822,105.04991302490234,29.458535067014036,143.6530303955078,-5.330170817291938,231579325.0,0.8097795431435859,-3.181033272833056,-5.330170817291934,6.5220857326573345,0.004800645587734076,0,21.979999542236328,11,4,-0.15142546444436944,-15.142546444436944,RSI>50,<10% below,>20% above,Normal (0.75-1x),MACD_Below_Signal,VIX 20-25,0-1 days,0-5% drop,Nov,1
2024-11-05,137.39550649112996,140.31434706066804,137.27555894461494,139.8545379638672,160537400,58.67685950638566,3.2591424580680552,4.220080349636894,-0.9609378915688387,105.45109790802002,32.62501836240307,143.6530303955078,-2.644213227651763,225320070.0,0.7124860204419429,-0.9486679872780401,-2.5628538479005813,5.28257244223449,0.028371843625664583,0,20.489999771118164,11,4,-0.15989633743119724,-15.989633743119725,RSI>50,<10% below,>20% above,Low (<0.75x),MACD_Below_Signal,VIX 20-25,0-1 days,0-5% drop,Nov,1
2024-11-06,142.90333324876622,146.4319326348536,141.90372967757455,145.55227661132812,242043900,64.68578167964685,3.6556491464850183,4.107194109006519,-0.4515449625215009,105.87967716217041,37.46951304771477,145.55227661132812,0.0,225112685.0,1.075212176515064,4.499786704141884,4.335057354719862,9.770073409326496,0.0407404631298629,0,16.270000457763672,11,4,-0.18584531740195998,-18.584531740196,RSI>50,<10% below,>20% above,Moderate (1-1.5x),MACD_Below_Signal,VIX 15-20,0-1 days,0-5% gain,Nov,0
2024-11-07,146.33198051831096,148.8709671267726,146.1120664908763,148.8209991455078,207323300,67.59683959579519,4.185395510262111,4.122834389257638,0.06256112100447364,106.31715961456298,39.97834374529584,148.8209991455078,0.0,223363285.0,0.9281888023808389,12.142228855332405,6.032346110602194,10.436922501354818,0.02245737827178229,0,15.199999809265137,11,4,-0.2093033592385134,-20.930335923851338,RSI>50,<10% below,>20% above,Normal (0.75-1x),MACD_Hist_Pos,VIX 15-20,0-1 days,>5% gain,Nov,0
2024-11-08,148.7110195677981,149.7106230852884,146.20200497714438,147.57147216796875,175665800,65.37820142505262,4.4530647770044425,4.188880466806999,0.26418431019744304,106.74712017059326,38.24398441113336,148.8209991455078,-0.8396173824349571,223636100.0,0.7854984056688522,9.032489870132743,4.302670495135619,9.517797523676075,-0.00839617382434954,1,14.9399995803833,11,4,-0.17747380791964307,-17.747380791964307,RSI>50,<10% below,>20% above,Normal (0.75-1x),MACD_Hist_Pos,VIX<15,0-1 days,>5% gain,Nov,0
2024-11-11,148.62105018654825,148.7909962143961,143.51309063046196,145.20240783691406,182325600,61.272019525568254,4.42304479972978,4.235713333391556,0.1873314663382244,107.16816362380982,35.4902453555284,148.8209991455078,-2.431505855605578,221134995.0,0.8244990803016049,6.7695550105866475,3.373179940444082,5.2074915900762075,-0.016053674170561694,2,14.970000267028809,11,4,-0.16901124791600663,-16.901124791600665,RSI>50,<10% below,>20% above,Normal (0.75-1x),MACD_Hist_Pos,VIX<15,2 days,>5% gain,Nov,0
2024-11-12,146.72179022487757,149.59064718789998,145.952091313065,148.23118591308594,198634700,64.35440118996661,4.590731731876133,4.3067170130884715,0.2840147187876614,107.59718534469604,37.764928922829796,148.8209991455078,-0.39632392996178767,212175180.0,0.9361825450083275,5.989543186208901,4.9840543201391085,12.68234436852107,0.02085900723887235,0,14.710000038146973,11,4,-0.23273095757374118,-23.27309575737412,RSI>50,<10% below,>20% above,Normal (0.75-1x),MACD_Hist_Pos,VIX<15,0-1 days,>5% gain,Nov,0
2024-11-13,149.01089841600094,149.2707898303925,145.8421419549503,146.21200561523438,191903300,60.875845971058084,4.508720139491231,4.347117638369024,0.1616025011222071,108.01456712722778,35.36322877914675,148.8209991455078,-1.7531084626857854,208526360.0,0.9202831718733305,0.4532591445944423,4.973441543460089,7.773348839615712,-0.013621831906785786,1,14.020000457763672,11,4,-0.23806697870519666,-23.806697870519667,RSI>50,<10% below,>20% above,Normal (0.75-1x),MACD_Hist_Pos,VIX<15,0-1 days,0-5% gain,Nov,0
2024-11-14,147.5814841067195,148.94094569769402,145.49231611296014,146.7018280029297,194463300,61.42062953831382,4.432158767387676,4.364125864172755,0.06803290321492117,108.440629196167,35.28308447708186,148.8209991455078,-1.4239731991761007,202927730.0,0.9582884507701338,-1.4239731991760984,10.545353571473747,7.1788680985199305,0.0033500832276680548,0,14.3100004196167,11,4,-0.25260532515741474,-25.260532515741474,RSI>50,<10% below,>20% above,Normal (0.75-1x),MACD_Hist_Pos,VIX<15,0-1 days,0-5% drop,Nov,0
2024-11-15,144.81255966940228,145.18242335032573,140.02446543358045,141.9237060546875,250132900,53.582612461541096,3.940505129356893,4.279401717209583,-0.33889658785269017,108.8353052520752,30.40226765200476,148.8209991455078,-4.634623561475067,206629865.0,1.2105360471488475,-3.8271395075959225,4.859664374197359,2.884048164773545,-0.032570295907606295,1,16.139999389648438,11,4,-0.23653021273155295,-23.653021273155296,RSI>50,<10% below,>20% above,Moderate (1-1.5x),MACD_Below_Signal,VIX 15-20,0-1 days,0-5% drop,Nov,0
2024-11-18,139.44468522690033,141.49387540802257,137.09561095173166,140.09442138671875,221205300,50.904335635067774,3.3644745262827485,4.096416279024217,-0.7319417527414682,109.20517944335937,28.285509992115777,148.8209991455078,-5.863808070698924,204462405.0,1.0818874012559914,-3.5178386683039076,3.01357431844822,-2.477225157723051,-0.012889211526535771,2,15.579999923706055,11,4,-0.21392977061456264,-21.392977061456264,RSI>50,<10% below,>20% above,Moderate (1-1.5x),MACD_Below_Signal,VIX 15-20,2 days,0-5% drop,Nov,0
2024-11-19,141.26398946372595,147.07168399645053,140.9341184421503,146.95172119140625,227834900,59.14770192561273,3.4218479752306905,3.961502618265512,-0.5396546430348215,109.59348979949951,34.08800236241528,148.8209991455078,-1.2560579251815802,204538570.0,1.1138970024088855,-0.8631548845800197,5.074689267053101,2.3817785500028554,0.048947700677948625,0,16.350000381469727,11,4,-0.24877380789705505,-24.877380789705505,RSI>50,<10% below,>20% above,Moderate (1-1.5x),MACD_Below_Signal,VIX 15-20,0-1 days,0-5% drop,Nov,0
2024-11-20,147.3515703217148,147.5015047606034,142.67341754276418,145.83216857910156,309871700,57.45164669228633,3.3384942242769284,3.8369009394677955,-0.4984067151908671,109.98174404144287,32.59670488963122,148.8209991455078,-2.0083392690328328,205735655.0,1.5061643058418823,-0.2597851212932434,0.19229652348264903,4.535690042786622,-0.0076185062905554934,1,17.15999984741211,11,4,-0.3021016908931088,-30.210169089310877,RSI>50,<10% below,>20% above,High (1.5-2x),MACD_Below_Signal,VIX 15-20,0-1 days,0-5% drop,Nov,0
2024-11-21,149.290807835149,152.8293979645091,140.64422730754492,146.6118621826172,400946600,58.34744029849397,3.297340841054819,3.7289889197852,-0.43164807873038136,110.36452251434326,32.84328953044048,148.8209991455078,-1.484425568686493,217165240.0,1.846274293252456,-0.061325630046482615,-1.4844255686864982,4.458374853858271,0.005346513126098795,0,16.8700008392334,11,4,-0.3568884580138848,-35.68884580138848,RSI>50,<10% below,>20% above,High (1.5-2x),MACD_Below_Signal,VIX 15-20,0-1 days,0-5% drop,Nov,0
2024-11-22,145.8721561256333,147.1016796207282,141.0440838257902,141.89373779296875,236406200,51.307967843290925,2.851147032905402,3.553420542409241,-0.702273509503839,110.72599899291993,28.1485279731292,148.8209991455078,-4.654760680491079,218729445.0,1.0808156167542966,-0.0211157547613694,-3.8474471329644877,0.28968038956511677,-0.032181054925635055,1,15.239999771118164,11,4,-0.3120415977893889,-31.204159778938887,RSI>50,<10% below,>20% above,Moderate (1-1.5x),MACD_Below_Signal,VIX 15-20,0-1 days,0-5% drop,Nov,0
2024-11-25,141.93371415065735,141.99368792347047,135.7661620516237,135.96607971191406,344941900,44.107949314951284,1.9962116721012535,3.2419787683476438,-1.2457670962463903,111.04538467407227,22.441900769659338,148.8209991455078,-8.637839758772898,227297205.0,1.517580913500454,-2.946828027797588,-6.361002040251218,-3.2023901446401215,-0.04177533253584087,2,14.600000381469727,11,4,-0.2919019696940961,-29.19019696940961,RSI 40-45,<10% below,>20% above,High (1.5-2x),MACD_Below_Signal,VIX<15,2 days,0-5% drop,Nov,0
2024-11-26,137.64541224160723,139.2447840977321,135.61621816013385,136.86572265625,190287700,45.36115407190256,1.3754080582319546,2.8686646263245064,-1.4932565680925518,111.36869396209717,22.894251325987895,148.8209991455078,-8.033326316784565,228931910.0,0.8311978002542328,-6.863477646525229,-7.66739008854721,-3.0654826553582537,0.006616671939369878,0,14.100000381469727,11,4,-0.16485247109357437,-16.485247109357438,RSI 45-50,<10% below,>20% above,Normal (0.75-1x),MACD_Below_Signal,VIX<15,0-1 days,5-10% drop,Nov,0
2024-11-27,134.95646019838466,137.1655905980091,131.74774157257602,135.2863311767578,226370900,43.516437616150924,0.747357951471912,2.4444032913539875,-1.6970453398820755,111.68470588684082,21.13237000760893,148.8209991455078,-9.094595552013901,231279550.0,0.9787761174734212,-7.231489118687506,-7.472487907202452,-2.8706861816491958,-0.011539715341721934,1,14.100000381469727,11,4,-0.20505897446742516,-20.505897446742516,RSI 40-45,<10% below,>20% above,Normal (0.75-1x),MACD_Below_Signal,VIX<15,0-1 days,5-10% drop,Nov,0
2024-11-29,136.7257870913165,139.29477581313424,135.99608069190262,138.19520568847656,141863200,47.732411112163234,0.47882597187995657,2.0512878274591815,-1.572461855579225,112.00640754699707,23.38151782119328,148.8209991455078,-7.139982608665339,224870730.0,0.6308655644067149,-5.740774565469319,-5.798579629343981,4.135293218091984,0.021501614290346582,0,13.510000228881836,11,4,-0.1974840122202629,-19.748401222026292,RSI 45-50,<10% below,>20% above,Low (<0.75x),MACD_Below_Signal,VIX<15,0-1 days,5-10% drop,Nov,0
2024-12-02,138.77496038075373,140.39431322408433,137.76536630294407,138.57504272460938,171682800,48.27532452669491,0.29328135289537727,1.6996865325464208,-1.4064051796510435,112.33621467590332,23.357408049048686,148.8209991455078,-6.884751802318291,223098480.0,0.769538187799397,-2.3388594309930344,-2.3594813179327323,2.3855201832412076,0.0027485543672842727,0,13.34000015258789,12,4,-0.20127093588899114,-20.127093588899115,RSI 45-50,<10% below,>20% above,Normal (0.75-1x),MACD_Below_Signal,VIX<15,0-1 days,0-5% drop,Dec,0
2024-12-03,138.2051993772479,140.48429454860658,137.8953246767264,140.20440673828125,164414000,50.64367731990997,0.274547155603301,1.4146586571577968,-1.1401115015544958,112.6743935394287,24.433247283659735,148.8209991455078,-5.7899036135362865,221942770.0,0.7407945751060059,3.117194402712342,0.07850801657469653,3.0944482324483324,0.011757990339645197,0,13.300000190734863,12,4,-0.19992842089774587,-19.992842089774587,RSI>50,<10% below,>20% above,Low (<0.75x),MACD_Below_Signal,VIX<15,0-1 days,0-5% gain,Dec,0
2024-12-04,141.94371889092554,145.73221002899123,140.23438993110327,145.0824737548828,231224300,56.992677669991636,0.6458741743699647,1.2609017606002304,-0.6150275862302657,113.05275806427002,28.33165350322902,148.8209991455078,-2.512095344131983,225477115.0,1.0254889947478705,6.003512741659867,-1.272014659895493,3.7381238157365493,0.03479253705418417,0,13.449999809265137,12,4,-0.27995861434299607,-27.995861434299606,RSI>50,<10% below,>20% above,Moderate (1-1.5x),MACD_Below_Signal,VIX<15,0-1 days,>5% gain,Dec,0
2024-12-05,145.06248362625453,146.49200804389403,143.9028598130552,145.0124969482422,172621200,56.87964331482848,0.9238573164708441,1.1934928717743531,-0.269635555303509,113.4406665802002,27.831139678398625,148.8209991455078,-2.5591161322213076,222005980.0,0.7775520281030268,7.189318896361141,-0.5620650360244617,-0.3708493440657934,-0.00048232432787742585,1,13.539999961853027,12,4,-0.3002942377571134,-30.02942377571134,RSI>50,<10% below,>20% above,Normal (0.75-1x),MACD_Below_Signal,VIX<15,0-1 days,>5% gain,Dec,0
2024-12-06,144.5526526293818,145.65228325014007,141.26372149336697,142.3933563232422,188505600,52.669113128004454,0.9221877931428253,1.1392318560480477,-0.21704406290522238,113.76018321990966,25.169767042289102,148.8209991455078,-4.319042916773513,221065095.0,0.8527153506527116,3.0378410118142574,-2.87732915780069,-4.319042916773508,-0.01806148214891312,2,12.770000457763672,12,4,-0.319580779501175,-31.958077950117502,RSI>50,<10% below,>20% above,Normal (0.75-1x),MACD_Below_Signal,VIX<15,2 days,0-5% gain,Dec,0
2024-12-09,138.92447761551347,139.90415231737651,137.08508402113657,138.7645263671875,189308600,47.43035029591692,0.6208911867117592,1.03556372218079,-0.4146725354690308,114.06016162872315,21.65906516850243,148.8209991455078,-6.757428612939043,221747235.0,0.853713463439578,0.13673720668063716,-2.2053203153665213,-5.967918915084757,-0.02548454541528611,3,14.1899995803833,12,4,-0.2875218054134605,-28.75218054134605,RSI 45-50,<10% below,>20% above,Normal (0.75-1x),MACD_Below_Signal,VIX<15,3 days,0-5% gain,Dec,1
2024-12-10,138.96445323342698,141.77354545828368,133.74616214517607,135.0257568359375,210020900,42.716115154822425,0.07950748759381554,0.8443524752633952,-0.7648449876695796,114.3400719833374,18.091369450610976,148.8209991455078,-9.269688006920443,223132000.0,0.9412406109388165,-3.693642748341497,-0.6915863706366543,-7.008596587741578,-0.02694326589892848,4,14.180000305175781,12,4,-0.23950949299856894,-23.950949299856894,RSI 40-45,<10% below,10-20% above,Normal (0.75-1x),MACD_Below_Signal,VIX<15,4 days,0-5% drop,Dec,1
2024-12-11,137.31500040642362,140.12407738797447,135.16571086465208,139.2643585205078,184905200,48.9151697132656,-0.007437526764675795,0.673994474857781,-0.6814320016224568,114.64312915802002,21.476410791745547,148.8209991455078,-6.421567305603236,222445525.0,0.8312381199846569,-4.010212318411888,1.7525468157445045,-6.049217873650248,0.03139106037169204,0,13.579999923706055,12,4,-0.23595013120109953,-23.595013120109954,RSI 45-50,<10% below,>20% above,Normal (0.75-1x),MACD_Below_Signal,VIX<15,0-1 days,0-5% drop,Dec,0
2024-12-12,137.03510407678786,138.39465924672223,135.75552453494274,137.29501342773438,159211400,46.40259400310407,-0.23257083570823056,0.49268141274457866,-0.7252522484528092,114.94152652740479,19.447703171925408,148.8209991455078,-7.744865162814861,220810930.0,0.7210304308758629,-5.321943751690816,1.4847636368763073,-6.098673053542258,-0.014141056000939622,1,13.920000076293945,12,4,-0.19163956919973246,-19.163956919973245,RSI 45-50,<10% below,10-20% above,Low (<0.75x),MACD_Below_Signal,VIX<15,0-1 days,5-10% drop,Dec,0
2024-12-13,138.89449032268433,139.55427778956917,132.4965775973186,134.20602416992188,231514900,42.69782918337842,-0.6527220489144838,0.26360072041276617,-0.91632276932725,115.21723827362061,16.48085493179957,148.8209991455078,-9.820505882571272,222663510.0,1.0397523150515322,-5.749799263621913,-2.886628011934955,-8.517824217403936,-0.022498918064773,2,13.8100004196167,12,4,-0.1900185962407761,-19.00185962407761,RSI 40-45,<10% below,10-20% above,Moderate (1-1.5x),MACD_Below_Signal,VIX<15,2 days,5-10% drop,Dec,0
2024-12-16,134.13603509853905,134.35596424649526,130.37727237183418,131.95675659179688,237951100,40.18211888529271,-1.1538906746226303,-0.01989755859431311,-1.1339931160283172,115.46587837219238,14.282035915794836,148.8209991455078,-11.331897145255786,222054420.0,1.0715891176586352,-4.905987108965048,-4.775958212017328,-7.022751688185236,-0.01675981083589173,3,14.6899995803833,12,4,-0.17401494787531524,-17.401494787531526,RSI 40-45,10-20% below,10-20% above,Moderate (1-1.5x),MACD_Below_Signal,VIX<15,3 days,0-5% drop,Dec,1
2024-12-17,129.04771280436398,131.54689392732612,126.81844751374322,130.3472900390625,259410300,38.43698149827582,-1.661784899260283,-0.34827502672750715,-1.3135098725327758,115.69169013977051,12.667806893983593,148.8209991455078,-12.413375271310255,223964670.0,1.1582643816098317,-3.4648698933489763,-7.0305327261353305,-6.95754424135856,-0.01219692416139928,4,15.869999885559082,12,4,-0.16458306994254568,-16.458306994254567,RSI 35-40,10-20% below,10-20% above,Moderate (1-1.5x),MACD_Below_Signal,VIX 15-20,4 days,0-5% drop,Dec,2
2024-12-18,133.8161583001621,136.6552244722092,128.23798405143236,128.86778259277344,277444500,36.8525124044035,-2.1587933912101676,-0.7103786996240393,-1.4484146915861282,115.90645145416259,11.18257955100683,148.8209991455078,-13.407527611896608,226445150.0,1.225217232517455,-7.465352971990602,-11.176188785906794,-12.306040686027952,-0.01135050407143623,5,27.6200008392334,12,4,-0.13412258795504672,-13.412258795504673,RSI 35-40,10-20% below,10-20% above,Moderate (1-1.5x),MACD_Below_Signal,VIX 25-30,5 days,5-10% drop,Dec,5
2024-12-19,131.7168244915274,133.98608501684748,129.50755712091288,130.63717651367188,209719200,40.036097382803426,-2.382437641740694,-1.0447904880473704,-1.3376471536933234,116.11638748168946,12.505374432417835,148.8209991455078,-12.21858658135801,221437525.0,0.9470806720766952,-4.849292591072052,-9.913159718711107,-10.419506349991426,0.013730304699117735,0,24.09000015258789,12,4,-0.1237331275423591,-12.37331275423591,RSI 40-45,10-20% below,10-20% above,Normal (0.75-1x),MACD_Below_Signal,VIX 20-25,0-1 days,0-5% drop,Dec,1
2024-12-20,129.76747112979962,135.2356803497186,128.1779956829599,134.65586853027344,306528600,46.61865621650091,-2.20992778950162,-1.2778179483382204,-0.9321098411633997,116.32658317565918,15.756746956915329,148.8209991455078,-9.518233781903723,216716625.0,1.4144212517152295,0.33518939491270494,-5.433882586069638,-8.154861055820694,0.030762238773439643,0,18.360000610351562,12,4,-0.15493336001569213,-15.493336001569213,RSI 45-50,<10% below,10-20% above,Moderate (1-1.5x),MACD_Below_Signal,VIX 15-20,0-1 days,0-5% gain,Dec,0
2024-12-23,136.23534836132282,139.7441928628519,135.07572475974197,139.62423706054688,176053500,53.42578769948624,-1.6532490448537658,-1.3529041676413296,-0.3003448772124362,116.58731121063232,19.759376565683826,148.8209991455078,-6.179747574446078,213698990.0,0.8238387088305845,5.810600886826167,0.6195464474000101,-1.5994368516341506,0.036896784258284576,0,16.780000686645508,12,4,-0.1870089156621766,-18.70089156621766,RSI>50,<10% below,10-20% above,Normal (0.75-1x),MACD_Below_Signal,VIX 15-20,0-1 days,>5% gain,Dec,0
2024-12-24,139.9541431061549,141.85351466107915,138.60457919611483,140.174072265625,105157000,54.12301270143338,-1.1544027864498503,-1.313203891403034,0.15880110495318367,116.85955348968506,19.950888121438755,148.8209991455078,-5.810286807326425,201709745.0,0.521328307663073,7.538923305285139,3.8128395280486727,3.094884078901794,0.00393796389977541,0,14.270000457763672,12,4,-0.16509220974200256,-16.509220974200257,RSI>50,<10% below,10-20% above,Low (<0.75x),MACD_Hist_Pos,VIX<15,0-1 days,>5% gain,Dec,0
2024-12-26,139.65423488647767,140.8038673288582,137.68487898660138,139.8841552734375,116205600,53.66680877886933,-0.7735405174310017,-1.2052712166086275,0.43173069917762574,117.09966846466064,19.457345274767334,148.8209991455078,-6.005096003509847,198005640.0,0.5868802525018985,8.548585580521827,0.44505052083259056,2.2053970553084,-0.0020682640341511682,1,14.729999542236328,12,4,-0.1611461553967909,-16.11461553967909,RSI>50,<10% below,10-20% above,Low (<0.75x),MACD_Hist_Pos,VIX<15,0-1 days,>5% gain,Dec,0
2024-12-27,138.50462254046806,138.97446981750295,134.66588395063462,136.96511840820312,170582600,49.17262300891063,-0.6991865179342653,-1.1040542768737551,0.4048677589394898,117.33031036376953,16.734642551918654,148.8209991455078,-7.966537521840418,195216225.0,0.8738136392095482,4.8439058952479686,-0.24028186552084163,1.2409141535902002,-0.020867530418498093,2,15.949999809265137,12,4,-0.14852393220876758,-14.852393220876758,RSI 45-50,<10% below,10-20% above,Normal (0.75-1x),MACD_Hist_Pos,VIX 15-20,2 days,0-5% gain,Dec,0
2024-12-30,134.78581438230358,140.22403398735426,133.97608228188028,137.4449462890625,167734700,49.91509939901829,-0.5946871544089163,-1.0021808523807874,0.40749369797187107,117.57806316375732,16.896759982885158,148.8209991455078,-7.644118049041267,196509800.0,0.853569134974439,2.071263428197345,2.413395478462088,-0.542898283392923,0.0035032852629626188,0,17.399999618530273,12,4,-0.10530705653630845,-10.530705653630845,RSI 45-50,<10% below,10-20% above,Normal (0.75-1x),MACD_Hist_Pos,VIX 15-20,0-1 days,0-5% gain,Dec,0
2024-12-31,137.98479821279548,138.02479365615312,133.7861766339878,134.2460174560547,155659200,45.176980714857876,-0.7612225781613802,-0.9539891975369059,0.19276661937552575,117.81035594940185,13.95094800809511,148.8209991455078,-9.793632466613548,195708620.0,0.7953620029613412,-3.851924076877833,1.7348568753773996,-3.1239573760462602,-0.023274255761140172,1,17.350000381469727,12,4,-0.03237812185047262,-3.237812185047262,RSI 45-50,<10% below,10-20% above,Normal (0.75-1x),MACD_Hist_Pos,VIX 15-20,0-1 days,0-5% drop,Dec,0
2025-01-02,135.95546829733047,138.83453015425235,134.58592176996075,138.26470947265625,198247200,51.416200693675464,-0.562444728458928,-0.8756803037213103,0.3132355752623823,118.05965396881103,17.114276405708406,148.8209991455078,-7.093279667159261,197400280.0,1.004290368787724,-1.3621369216916035,6.07409592575423,-1.3834781022580955,0.029935279219117872,0,17.93000030517578,1,1,-0.021383648909275466,-2.1383648909275466,RSI>50,<10% below,10-20% above,Moderate (1-1.5x),MACD_Hist_Pos,VIX 15-20,0-1 days,0-5% drop,Jan,0
2025-01-03,139.96413776465596,144.85253555834646,139.68423069189672,144.4226837158203,229322500,59.09780288829486,0.09093694216957715,-0.6823568545431329,0.77329379671271,118.3350294494629,22.04558902611219,148.8209991455078,-2.9554400621830954,197305190.0,1.1622730248504867,3.2444907241361065,12.070434370862792,-0.4547689476105954,0.04453757048093232,0,16.1299991607666,1,1,-0.06664085194907277,-6.664085194907276,RSI>50,<10% below,>20% above,Moderate (1-1.5x),MACD_Hist_Pos,VIX 15-20,0-1 days,0-5% gain,Jan,0
2025-01-06,148.5413213081193,152.11015917129038,147.77158452702758,149.38104248046875,265377400,64.02945186475293,0.9973479309568063,-0.34641589744314505,1.3437638283999513,118.63032951354981,25.921459624207344,149.38104248046875,0.0,201943000.0,1.314120321080701,9.065026348724725,14.34803358968435,3.012530384733525,0.03433227133768657,0,16.040000915527344,1,1,-0.09380667868184922,-9.380667868184922,RSI>50,<10% below,>20% above,Moderate (1-1.5x),MACD_Hist_Pos,VIX 15-20,0-1 days,>5% gain,Jan,0
2025-01-07,152.97986196669754,153.07983530547875,139.9641234037018,140.09408569335938,351782200,51.50369289701973,0.9552933444998075,-0.08607404905455454,1.0413673935543621,118.87388282775879,17.8510219072657,149.38104248046875,-6.216958077745122,210106830.0,1.6743015921947897,1.9274185598104454,4.038603903745441,-1.614731676570158,-0.06216958077745127,1,17.81999969482422,1,1,-0.03252121780079875,-3.252121780079875,RSI>50,<10% below,10-20% above,High (1.5-2x),MACD_Hist_Pos,VIX 15-20,0-1 days,0-5% gain,Jan,0
2025-01-08,142.5332942493383,143.90284057175748,137.51493447299714,140.06410217285156,227349900,51.468685386763994,0.9090662127964322,0.1129540033156428,0.7961122094807894,119.10302429199218,17.59911472060637,149.38104248046875,-6.23702991551646,212008895.0,1.0723601950757773,4.333897442210088,0.315034926288571,0.9365331613824912,-0.00021402417068083768,2,17.700000762939453,1,1,-0.040808167036904264,-4.080816703690426,RSI>50,<10% below,10-20% above,Moderate (1-1.5x),MACD_Hist_Pos,VIX 15-20,2 days,0-5% gain,Jan,0
2025-01-10,137.40498271998055,139.87417502688794,134.17604480086774,135.86549377441406,207602500,46.68355071351847,0.5275569215546341,0.19587458696344107,0.331682334591193,119.30760971069336,13.878313465395534,149.38104248046875,-9.047700084046353,211887975.0,0.9797748078908206,-1.7352336018300218,-3.0737342659534983,0.6219087070157059,-0.029976334644661762,3,19.540000915527344,1,1,-0.03015145527090335,-3.015145527090335,RSI 45-50,<10% below,10-20% above,Normal (0.75-1x),MACD_Hist_Pos,VIX 15-20,3 days,0-5% drop,Jan,1
2025-01-13,129.94744151880715,133.44629547754278,129.46758770744978,133.18637084960938,204808900,43.88011379410712,0.008922378328861669,0.1584841452365252,-0.14956176690766354,119.51099758148193,11.442773924469714,149.38104248046875,-10.841182630638551,212883160.0,0.9620718707858339,-7.780157920566388,-4.788093698486207,-4.364352613596678,-0.019718935620644085,4,19.190000534057617,1,1,-0.002910694183263063,-0.2910694183263063,RSI 40-45,10-20% below,10-20% above,Normal (0.75-1x),MACD_Below_Signal,VIX 15-20,4 days,5-10% drop,Jan,1
2025-01-14,136.00543044799826,136.33532416409136,130.00739616366573,131.71682739257812,195590500,42.37686719053091,-0.5147454441705008,0.023838227355120006,-0.5385836715256208,119.71858619689941,10.022037159664903,149.38104248046875,-11.824937618975435,214702115.0,0.910985436729396,-11.82493761897544,-3.831844981131105,-4.062919618047411,-0.011033737518763242,5,18.709999084472656,1,1,-0.003475362115355596,-0.3475362115355596,RSI 40-45,10-20% below,10-20% above,Normal (0.75-1x),MACD_Below_Signal,VIX 15-20,5 days,10-15% drop,Jan,3
2025-01-15,133.60622538989423,136.4053114797544,131.24699764678536,136.1953887939453,185217300,48.200920131197165,-0.5618962993623882,-0.09330867798838163,-0.46858762137400656,119.94803798675537,13.545324358689365,149.38104248046875,-8.826858795183085,212387235.0,0.8720735970784684,-2.7829132686925884,-0.9091330957263555,1.4823214057102518,0.03400143694638924,0,16.1200008392334,1,1,-0.005340308845209973,-0.5340308845209973,RSI 45-50,<10% below,10-20% above,Normal (0.75-1x),MACD_Below_Signal,VIX 15-20,0-1 days,0-5% drop,Jan,0
2025-01-16,138.59457607585483,138.70454064615834,133.44626949753135,133.5262451171875,209235600,45.264588349713,-0.8053576182499569,-0.23571846604069668,-0.5696391522092602,120.16410907745362,11.119906053746142,149.38104248046875,-10.61366094386055,210951460.0,0.9918660909007219,-4.667760656899633,-0.5361591744073912,1.1893961066698377,-0.019597900489832676,1,16.600000381469727,1,1,0.00937642558785634,0.9376425587856341,RSI 45-50,10-20% below,10-20% above,Normal (0.75-1x),MACD_Below_Signal,VIX 15-20,0-1 days,0-5% drop,Jan,0
2025-01-17,136.6452315490251,138.45463626831489,135.41563868932835,137.66490173339844,201188800,50.31838357091005,-0.6567765554783875,-0.31993008392823485,-0.3368464715501527,120.40542587280274,14.334466852705416,149.38104248046875,-7.843124236197624,208040385.0,0.9670660819052032,1.3244039446631328,-0.43381115943864623,5.613934660354647,0.03099507975064153,0,15.970000267028809,1,1,0.01084016006637989,1.084016006637989,RSI>50,<10% below,10-20% above,Normal (0.75-1x),MACD_Below_Signal,VIX 15-20,0-1 days,0-5% gain,Jan,0
2025-01-21,139.1144233323199,141.78354697270905,137.0450940162502,140.78387451171875,197749000,53.781758749691924,-0.2840753125237825,-0.31275912964734437,0.028683817123561883,120.66477611541748,16.6735471974498,149.38104248046875,-5.755193447571543,204055610.0,0.9690936701029685,5.7044152593423325,-2.519555176845778,9.246757939958172,0.022656267058981383,0,15.0600004196167,1,1,-0.04038601354459348,-4.038601354459348,RSI>50,<10% below,10-20% above,Normal (0.75-1x),MACD_Hist_Pos,VIX 15-20,0-1 days,>5% gain,Jan,0
2025-01-22,144.61263605764083,147.7416007949869,143.62295473278476,147.0218505859375,237651400,59.815409564535656,0.5087807363102002,-0.1484511564558355,0.6572318927660357,120.970602684021,21.535188983031826,149.38104248046875,-1.579311440967959,205452220.0,1.1567234464538763,11.619641541883796,-1.5793114409679565,12.54212201268059,0.04430888193590321,0,15.100000381469727,1,1,-0.06580116871180164,-6.580116871180164,RSI>50,<10% below,>20% above,Moderate (1-1.5x),MACD_Hist_Pos,VIX 15-20,0-1 days,>5% gain,Jan,0
2025-01-23,145.0024960002277,147.18177468068177,143.67292977388993,147.17178344726562,155915500,59.95074111242678,1.1361266354592203,0.10846440192717566,1.0276622335320447,121.2666697692871,21.362105290154048,149.38104248046875,-1.4789420374355606,197921565.0,0.7877640822009466,8.059299768163864,5.052103176859335,9.294741516726646,0.00101979985104661,0,15.020000457763672,1,1,-0.04066718161129279,-4.066718161129279,RSI>50,<10% below,>20% above,Normal (0.75-1x),MACD_Hist_Pos,VIX 15-20,0-1 days,>5% gain,Jan,0
2025-01-24,148.32140487495408,148.92121448023644,141.8335400716498,142.5732879638672,234657600,53.94963094588204,1.2478580946871034,0.33634314047916125,0.9115149542079422,121.54411697387695,17.301677377367398,149.38104248046875,-4.55730821231326,200851770.0,1.1683123330205156,6.775479111795346,1.791455306598877,2.112133942792105,-0.031245768554854614,1,14.850000381469727,1,1,-0.004816623166689182,-0.48166231666891823,RSI>50,<10% below,10-20% above,Moderate (1-1.5x),MACD_Hist_Pos,VIX<15,0-1 days,>5% gain,Jan,0
2025-01-27,124.75912547322825,128.3579371600633,116.66177248371496,118.38121032714844,818830900,34.42585356427621,-0.6086759649117823,0.14733931940097256,-0.7560152843127549,121.70949378967285,-2.7346128546685473,149.38104248046875,-20.75218624704234,236535465.0,3.461767984771332,-14.007703607412402,-12.868818241882574,-15.54699923191205,-0.16968169831960267,2,17.899999618530273,1,1,0.18225714083532707,18.225714083532708,RSI 30-35,20-30% below,0-10% below,Extreme (>3x),MACD_Below_Signal,VIX 15-20,2 days,10-15% drop,Jan,6
2025-01-28,121.77009783396647,128.95774513931468,116.21192149182427,128.94775390625,579666400,43.96443118208871,-1.213373806265622,-0.12480330573234638,-1.0885705005332758,121.91928302764893,5.764855816128076,149.38104248046875,-13.678635678881648,259708505.0,2.231988513429701,-8.407298525147155,-3.1824704857717823,-7.81818451547257,0.08925862094077885,0,16.40999984741211,1,1,0.09879075392392611,9.879075392392611,RSI 40-45,10-20% below,0-10% above,Very High (2-3x),MACD_Below_Signal,VIX 15-20,0-1 days,5-10% drop,Jan,0
2025-01-29,126.45856310434583,126.8484347440811,120.01067894543576,123.65947723388672,467120600,40.76819844424927,-2.0951691281272247,-0.518876470211322,-1.5762926579159027,122.08475593566895,1.2898590705686033,149.38104248046875,-17.218761376595072,274535405.0,1.7014949310454146,-15.890408982707616,-6.117176004153757,-9.71462028358273,-0.04101100261279511,1,16.559999465942383,1,1,0.1531376989374884,15.313769893748841,RSI 40-45,10-20% below,0-10% above,High (1.5-2x),MACD_Below_Signal,VIX 15-20,0-1 days,15-20% drop,Jan,3
2025-01-30,123.05968123503551,124.9590604797062,118.06131881584726,124.60917663574219,392925500,41.589466236100876,-2.6863983410829917,-0.952380844385656,-1.7340174966973358,122.26712051391601,1.9155240689254727,149.38104248046875,-16.583005067704914,285794945.0,1.3748511192176616,-15.330796626248699,-8.507051715041769,-9.33884438815612,0.007679956466735138,0,15.84000015258789,1,1,0.15501996170399468,15.501996170399469,RSI 40-45,10-20% below,0-10% above,Moderate (1-1.5x),MACD_Below_Signal,VIX 15-20,0-1 days,15-20% drop,Jan,3
2025-01-31,123.73945402173636,127.80812056780856,119.15096116009843,120.03067016601562,388161100,38.796625605349256,-3.4842348691481106,-1.458751649338147,-2.0254832198099635,122.43751136779785,-1.9657710899988519,149.38104248046875,-19.64799001740172,297420040.0,1.305093967440795,-15.811249161599338,-10.10705793406208,-10.589027190093326,-0.03674293172733545,1,16.43000030517578,1,1,0.18974807820165185,18.974807820165186,RSI 35-40,10-20% below,0-10% below,Moderate (1-1.5x),MACD_Below_Signal,VIX 15-20,0-1 days,15-20% drop,Jan,5
2025-02-03,114.71241754878405,118.53116613291392,112.9729895620065,116.62179565429688,371235700,36.81440295510168,-4.341547097266158,-2.0353107389237493,-2.306236358342409,122.58379184722901,-4.863608885881354,149.38104248046875,-21.929989429853574,306069465.0,1.212913218899507,-1.4862279816107549,-15.2857451784287,-15.65324506947997,-0.02840002898429128,2,18.6200008392334,2,1,0.2431287441485106,24.31287441485106,RSI 35-40,20-30% below,0-10% below,Moderate (1-1.5x),MACD_Below_Signal,VIX 15-20,2 days,0-5% drop,Feb,4
2025-02-04,116.92168851369838,121.16029755445565,116.66177154188583,118.61113739013672,256550000,38.78017707419972,-4.8050602190322,-2.5892606349454397,-2.21579958408676,122.75690956115723,-3.3772210345154505,149.38104248046875,-20.5982664060971,307430840.0,0.8344966302014463,-8.016127619895109,-15.749486365880905,-17.872224543668512,0.017058061271298497,0,17.209999084472656,2,1,0.19673762730999877,19.673762730999876,RSI 35-40,20-30% below,0-10% below,Normal (0.75-1x),MACD_Below_Signal,VIX 15-20,0-1 days,5-10% drop,Feb,4
2025-02-05,121.72011429490169,124.95905075493906,120.72044188886218,124.78910827636719,262230800,44.54970797507785,-4.620623417878576,-2.9955331915320675,-1.6250902263465088,122.95773887634277,1.4894299592368088,149.38104248046875,-16.46255361172547,307273510.0,0.85341167222648,0.913501389257787,-15.122066700265613,-16.462553611725472,0.052085925674161926,0,15.770000457763672,2,1,0.15928350308791228,15.928350308791227,RSI 40-45,10-20% below,0-10% above,Normal (0.75-1x),MACD_Below_Signal,VIX 15-20,0-1 days,0-5% gain,Feb,1
2025-02-06,127.37828117148048,128.72784528628156,125.16900563533248,128.6378631591797,251483600,47.84720992367687,-4.1164417919312655,-3.2197149116119075,-0.896726880319358,123.22014305114746,4.396781219271419,149.38104248046875,-13.886085527888312,302258580.0,0.8320147603419562,3.2330576545049894,-12.593392465565234,-8.177520469533084,0.030842073767277434,0,15.5,2,1,0.12016816261982965,12.016816261982965,RSI 45-50,10-20% below,0-10% above,Normal (0.75-1x),MACD_Below_Signal,VIX 15-20,0-1 days,0-5% gain,Feb,0
2025-02-07,129.17767804139822,130.32729528258605,124.95905898960582,129.79747009277344,228186300,48.83447526169204,-3.5820124231453576,-3.2921744139185978,-0.28983800922675984,123.4717646408081,5.123200004768258,149.38104248046875,-13.109811032585226,302300400.0,0.754832941008348,8.136920266502923,-8.960877632513863,-7.329952443780485,0.009014507121894777,0,16.540000915527344,2,1,0.1206367153605512,12.063671536055121,RSI 45-50,10-20% below,0-10% above,Normal (0.75-1x),MACD_Below_Signal,VIX 15-20,0-1 days,>5% gain,Feb,0
2025-02-10,130.04737430419848,134.95576927734325,129.91742726932324,133.5262451171875,216989100,51.9822130214529,-2.8250271616288103,-3.1987449634606406,0.37371780183183034,123.72751327514648,7.91960622392087,149.38104248046875,-10.61366094386055,302769730.0,0.7166802969372137,14.495103053464087,12.793444794309416,-1.7217386050284111,0.028727640236353658,0,15.8100004196167,2,1,0.07713727331153253,7.713727331153253,RSI>50,10-20% below,0-10% above,Low (<0.75x),MACD_Hist_Pos,VIX 15-20,0-1 days,>5% gain,Feb,0
2025-02-11,132.53657109173992,134.43594258561095,130.9770845592916,132.75650024414062,178902400,51.280851960655504,-2.2611576484713964,-3.011227500462792,0.7500698519913955,123.99313549041749,7.067620896158719,149.38104248046875,-11.128950474757698,301474405.0,0.5934248381715854,11.92583020890936,2.953712819736065,-0.32275870475827473,-0.005764745892250067,1,16.020000457763672,2,1,0.08579272280476724,8.579272280476724,RSI>50,10-20% below,0-10% above,Low (<0.75x),MACD_Hist_Pos,VIX 15-20,0-1 days,>5% gain,Feb,0
2025-02-12,129.97741762356085,132.19669170682792,129.03772306980744,131.0970458984375,160278600,49.723274012651316,-1.9259894859856672,-2.794179897567367,0.8681904115816996,124.23569374084472,5.522850922300588,149.38104248046875,-12.239837316988762,299708810.0,0.5347810763387303,5.054878353726422,6.014556126970794,-0.47054086133837547,-0.012499985632728916,2,15.890000343322754,2,1,0.12798420219992224,12.798420219992224,RSI 45-50,10-20% below,0-10% above,Low (<0.75x),MACD_Hist_Pos,VIX 15-20,2 days,>5% gain,Feb,0
2025-02-13,131.51689288233604,136.455276767875,131.12702127315083,135.24566650390625,197430000,53.52383687387568,-1.3105006552715963,-2.497444049108213,1.1869433938366165,124.47349445343018,8.654189470438876,149.38104248046875,-9.462630426086811,300319445.0,0.6573999895344772,5.136748374426814,8.53588006544388,-0.6973233810991464,0.031645416393918824,0,15.100000381469727,2,1,0.1407712112425621,14.077121124256209,RSI>50,<10% below,0-10% above,Low (<0.75x),MACD_Hist_Pos,VIX 15-20,0-1 days,>5% gain,Feb,0
2025-02-14,136.43528567888637,139.20438251414282,135.45561099221797,138.8045196533203,195479600,56.55762679897237,-0.5294484636731625,-2.103844932021203,1.5743964683480405,124.7289794921875,11.284899642760598,149.38104248046875,-7.080230966075428,299631645.0,0.6523997156575367,6.939310569080459,15.640877003634479,3.9529865694196697,0.026313990247600838,0,14.770000457763672,2,1,0.11663678218007356,11.663678218007355,RSI>50,<10% below,10-20% above,Low (<0.75x),MACD_Hist_Pos,VIX<15,0-1 days,>5% gain,Feb,0
2025-02-18,141.22373753647113,143.3930250185803,137.8848198127303,139.35433959960938,219176600,57.02436425414842,0.13238089541616205,-1.65659976653373,1.788980661949892,124.99398483276367,11.48883667166801,149.38104248046875,-6.712165556195221,300531035.0,0.7292977246093736,4.364755765660089,19.49253466538863,1.2272103091917286,0.003961109823097164,0,15.350000381469727,2,1,0.13181825448392948,13.181825448392948,RSI>50,<10% below,10-20% above,Low (<0.75x),MACD_Hist_Pos,VIX 15-20,0-1 days,0-5% gain,Feb,0
2025-02-19,139.46429426521587,141.3136943495984,137.17505112782226,139.18438720703125,167536000,56.82114699800112,0.6358421010449717,-1.1981113930179896,1.8339534940629614,125.27493602752685,11.103139718585094,149.38104248046875,-6.825936614259932,299020385.0,0.560282871684484,4.841862320164858,17.34512480832624,-1.1361296243870278,-0.001219570148058735,1,15.270000457763672,2,1,0.13492442324735565,13.492442324735565,RSI>50,<10% below,10-20% above,Low (<0.75x),MACD_Hist_Pos,VIX 15-20,0-1 days,0-5% gain,Feb,0
2025-02-20,139.98412654948388,140.61392504988532,136.74518244514988,140.06410217285156,143903600,57.66220841868172,1.093222392175221,-0.7398446359793476,1.8330670281545687,125.54641353607178,11.563602836498857,149.38104248046875,-6.23702991551646,294332995.0,0.4889142652864997,6.840013985792592,12.240646725878701,-4.732458736818157,0.0063205003339330545,0,15.65999984741211,2,1,0.0943170573689045,9.43170573689045,RSI>50,<10% below,10-20% above,Low (<0.75x),MACD_Hist_Pos,VIX 15-20,0-1 days,>5% gain,Feb,0
2025-02-21,139.99411868487,141.41366694156105,133.98609294492073,134.38595581054688,228217600,50.785987820623525,0.9861528547039313,-0.3946451378426918,1.3807979925466232,125.77464874267578,6.84661587526203,149.38104248046875,-10.03814568497368,297948100.0,0.7659642736436312,-0.6356659814564569,4.468429831001131,-8.687689540230481,-0.040539626315509114,1,18.209999084472656,2,1,0.16994265320391988,16.99426532039199,RSI>50,10-20% below,0-10% above,Normal (0.75-1x),MACD_Hist_Pos,VIX 15-20,0-1 days,0-5% drop,Feb,0
2025-02-24,136.51527743543022,138.544611438826,130.03740375103862,130.23733520507812,251381100,46.42951969350797,0.5600841618932861,-0.20369927789549624,0.7637834397887824,125.96539524078369,3.3913599493960946,149.38104248046875,-12.815352575875632,298784275.0,0.841346486524433,-6.172122110749479,0.3388857363631814,-8.652359032300216,-0.030870938711165197,2,18.979999542236328,2,1,0.2232553905376231,22.325539053762313,RSI 45-50,10-20% below,0-10% above,Normal (0.75-1x),MACD_Hist_Pos,VIX 15-20,2 days,5-10% drop,Feb,0
2025-02-25,129.93742515974864,130.1573543264651,124.39924631174091,126.5885238647461,271428700,42.940598927199005,-0.07118633582695111,-0.17719668948178724,0.10601035365483613,126.1458232498169,0.35094353782326815,149.38104248046875,-15.257972656538884,271414165.0,1.0000535528423875,-9.160687619446817,-5.1957734948306245,6.932952885780286,-0.028016630826993127,3,19.43000030517578,2,1,0.24982668072386494,24.982668072386495,RSI 40-45,10-20% below,0-10% above,Moderate (1-1.5x),MACD_Hist_Pos,VIX 15-20,3 days,5-10% drop,Feb,2
2025-02-26,129.9474287481865,133.68619399137987,128.44792005609298,131.23699951171875,322553800,48.273392202866376,-0.19414167319027342,-0.18058568622348448,-0.013555986966788947,126.35020324707031,3.867659995047732,149.38104248046875,-12.1461483113711,258558535.0,1.2475078418896517,-5.709970676158582,-1.1445772746551008,1.7753280193876897,0.036721145843673364,0,19.100000381469727,2,1,0.21896583878518472,21.89658387851847,RSI 45-50,10-20% below,0-10% above,Moderate (1-1.5x),MACD_Below_Signal,VIX 15-20,0-1 days,5-10% drop,Feb,0
2025-02-27,134.9557838016939,134.96577503505506,119.97069557287365,120.11064910888672,443175800,38.901613742871014,-1.175833873650248,-0.37963532370883724,-0.7961985499414108,126.50727169036865,-5.056327984954028,149.38104248046875,-19.59444979466459,257361295.0,1.7219986400830007,-14.245943646103198,-8.380354198112194,-2.8698391780258237,-0.0847805911764884,1,21.1299991607666,2,1,0.3558575946365983,35.58575946365983,RSI 35-40,10-20% below,0-10% below,High (1.5-2x),MACD_Below_Signal,VIX 20-25,0-1 days,10-15% drop,Feb,5
2025-02-28,117.98133302681437,125.04901657384264,116.3618686236696,124.87907409667969,389091100,43.925995958459914,-1.5511789448003412,-0.6139440479271381,-0.9372348968732032,126.6825305557251,-1.4236031212307545,149.38104248046875,-16.402327883735744,257169575.0,1.5129748532655933,-7.074311937230771,-7.665008924280137,0.2165951723816173,0.039700268237416125,0,19.6299991607666,2,1,0.3138529400084922,31.385294000849218,RSI 40-45,10-20% below,0-10% below,High (1.5-2x),MACD_Below_Signal,VIX 15-20,0-1 days,5-10% drop,Feb,2
2025-03-03,123.46954557652553,123.65947815441595,112.2432206852501,114.02263641357422,411381400,36.55541500208188,-2.693616078458547,-1.0298784540334198,-1.663737624425127,126.80090358734131,-10.077425958534542,149.38104248046875,-23.669941968384354,258330590.0,1.592461039941108,-12.450115603157453,-17.853801375950585,-5.00541548600173,-0.08693560359600805,1,22.780000686645508,3,1,0.4461391050957917,44.61391050957917,RSI 35-40,20-30% below,10-20% below,High (1.5-2x),MACD_Below_Signal,VIX 20-25,0-1 days,10-15% drop,Mar,7
2025-03-04,110.61375634258967,119.27091565466138,110.07393231302608,115.9520034790039,398163300,38.529470058574226,-3.404081803843553,-1.5047191239954465,-1.8993626798481067,126.92414119720459,-8.644642078887935,149.38104248046875,-22.378367727508408,259676970.0,1.5333023178759364,-8.402436540856428,-16.793403196373134,-0.574328470536023,0.016920912602227833,0,23.510000228881836,3,1,0.4147469206762626,41.474692067626265,RSI 35-40,20-30% below,0-10% below,High (1.5-2x),MACD_Below_Signal,VIX 20-25,0-1 days,5-10% drop,Mar,5
2025-03-05,117.54148848655969,118.2412561507128,114.47249437052442,117.26158142089844,284337900,39.896461868221344,-3.8174537835941464,-1.9672660559151867,-1.8501877276789598,127.03756599426269,-7.695349400669217,149.38104248046875,-21.501698291983644,261066365.0,1.0891403034626848,-10.648992389964217,-15.750908723349488,-1.1377986915337535,0.011294138114066099,0,21.93000030517578,3,1,0.4554778196856024,45.547781968560244,RSI 35-40,20-30% below,0-10% below,Moderate (1-1.5x),MACD_Below_Signal,VIX 20-25,0-1 days,10-15% drop,Mar,6
2025-03-06,113.49281250827367,115.31221606989396,110.18389912538346,110.53378295898438,321181900,35.52560358152161,-4.634507448068874,-2.500714334345924,-2.1337931137229496,127.11870601654053,-13.046799780512352,149.38104248046875,-26.005481603573337,264013920.0,1.2165339615426338,-7.973369739447833,-21.08343162577385,-11.423533282898312,-0.05737427706833764,1,24.8700008392334,3,1,0.5501280932398409,55.012809323984094,RSI 35-40,20-30% below,10-20% below,Moderate (1-1.5x),MACD_Below_Signal,VIX 20-25,0-1 days,5-10% drop,Mar,6
2025-03-07,111.21356065439609,113.44283358559466,107.52476685365718,112.65309143066406,341755500,37.835952177266975,-5.052772663827412,-3.0111260002422218,-2.04164666358519,127.21983726501465,-11.450058534508461,149.38104248046875,-24.58675507945179,268527515.0,1.2727019799069752,-9.790257298472948,-16.17197589495224,-12.426179459103482,0.01917340033920767,0,23.3700008392334,3,1,0.5354328074331358,53.54328074331358,RSI 35-40,20-30% below,10-20% below,Moderate (1-1.5x),MACD_Below_Signal,VIX 20-25,0-1 days,5-10% drop,Mar,6
2025-03-10,109.86399541986671,111.81335349826479,105.42544763902806,106.94495391845703,366487400,34.2736145929226,-5.778241877559836,-3.5645491757057446,-2.2136927018540913,127.28092926025391,-15.977236699942296,149.38104248046875,-28.407947794018206,275442570.0,1.3305401557936378,-6.20726087181983,-17.88456532064616,-17.6062878251652,-0.0506700476632751,1,27.860000610351562,3,1,0.6118700003973607,61.18700003973607,RSI 30-35,20-30% below,10-20% below,Moderate (1-1.5x),MACD_Below_Signal,VIX 25-30,0-1 days,5-10% drop,Mar,8
2025-03-11,106.95494843650206,112.20322856084239,104.73567447790636,108.72437286376953,354865700,36.28744949079888,-6.138832577837405,-4.079405856132077,-2.0594267217053286,127.34789009094239,-14.624127038047764,149.38104248046875,-27.216753171350366,282336400.0,1.2568896536188745,-6.233295155217499,-14.111983026252496,-18.574529847410105,0.016638643340472825,0,26.920000076293945,3,1,0.5760176625449336,57.601766254493356,RSI 35-40,20-30% below,10-20% below,Moderate (1-1.5x),MACD_Below_Signal,VIX 25-30,0-1 days,5-10% drop,Mar,7
2025-03-12,114.09311694895557,116.73249437499013,112.85340359157789,115.71273040771484,323857500,43.59666082419418,-5.793912637764805,-4.422307212458622,-1.371605425306183,127.45197154998779,-9.21071757424224,149.38104248046875,-22.538544057326394,289584155.0,1.1183536613044316,-1.3208512066915978,-11.829186252172486,-12.83836934920859,0.06427590575943487,0,24.229999542236328,3,1,0.44324879131576367,44.32487913157637,RSI 40-45,20-30% below,0-10% below,Moderate (1-1.5x),MACD_Below_Signal,VIX 20-25,0-1 days,0-5% drop,Mar,4
2025-03-13,117.0024278677365,117.73225924433854,113.76319330991835,115.55277252197266,299033100,43.47372241812923,-5.470408896254128,-4.631927549217724,-0.8384813470364039,127.51103309631348,-9.37821636603661,149.38104248046875,-22.64562450280066,296521880.0,1.0084689197303078,4.540683787915478,-3.794731458642031,-11.857073719652833,-0.0013823706793416601,1,24.65999984741211,3,1,0.4776938164696287,47.76938164696287,RSI 40-45,20-30% below,0-10% below,Moderate (1-1.5x),MACD_Below_Signal,VIX 20-25,0-1 days,0-5% gain,Mar,4
2025-03-14,118.5820578648422,121.85128414551467,118.12216714928688,121.6413345336914,277593500,49.330693421967595,-4.668913452298071,-4.639324729833794,-0.02958872246427724,127.58719509124757,-4.660232990703974,149.38104248046875,-18.569764600755313,300530055.0,0.9236796632536469,7.978691919484016,-2.592699846958879,-10.058978096589822,0.052690747948613614,0,21.770000457763672,3,1,0.42806009593839556,42.806009593839555,RSI 45-50,10-20% below,0-10% below,Normal (0.75-1x),MACD_Below_Signal,VIX 20-25,0-1 days,>5% gain,Mar,3
2025-03-17,122.711081524258,122.86104771124882,118.00219206936818,119.50183868408203,255501500,47.46938768940666,-4.158426224070013,-4.543145028681037,0.38471880461102437,127.6155205154419,-6.357911481760628,149.38104248046875,-20.00200514084199,303531150.0,0.8417636871866364,11.741446702758251,4.805363603972523,-13.906377845223538,-0.017588559495923528,1,20.510000228881836,3,1,0.4516193060933025,45.16193060933025,RSI 45-50,20-30% below,0-10% below,Normal (0.75-1x),MACD_Hist_Pos,VIX 20-25,0-1 days,>5% gain,Mar,4
2025-03-18,117.97220343827061,118.99195980676369,114.51301940530757,115.4028091430664,299686900,44.04083870318911,-4.038070481874698,-4.442130119319769,0.4040596374450711,127.6187334060669,-9.572203027694172,149.38104248046875,-22.746014335684478,307556665.0,0.9744119835608179,6.142538331920178,-0.47363936754827307,-17.18750239523227,-0.03430097466409632,2,21.700000762939453,3,1,0.5313373057667232,53.13373057667232,RSI 40-45,20-30% below,0-10% below,Normal (0.75-1x),MACD_Hist_Pos,VIX 20-25,2 days,>5% gain,Mar,4
2025-03-19,117.24236846895431,120.4216195833343,115.65274672556286,117.4923095703125,273426200,46.17499823897218,-3.7310729804670046,-4.299918691549216,0.5688457110822114,127.65400650024414,-7.96034312476687,149.38104248046875,-21.347242180563597,312851175.0,0.8739816943311784,1.5379285894709271,0.1967636344472279,-15.58513714936478,0.018106148739028605,0,19.899999618530273,3,1,0.4935516682129919,49.35516682129919,RSI 45-50,20-30% below,0-10% below,Normal (0.75-1x),MACD_Hist_Pos,VIX 15-20,0-1 days,0-5% gain,Mar,3
2025-03-20,116.52253841801043,120.17167220516042,116.44255543913019,118.50206756591797,248829700,47.2225218933392,-3.367478026945818,-4.1134305586285365,0.7459525316827182,127.69866096496582,-7.201793135145673,149.38104248046875,-20.6712809080765,318097480.0,0.782243543708677,2.552336027579516,7.208913323712429,-15.394404613627643,0.008594247566485969,0,19.799999237060547,3,1,0.5125492980661013,51.25492980661013,RSI 45-50,20-30% below,0-10% below,Normal (0.75-1x),MACD_Hist_Pos,VIX 15-20,0-1 days,0-5% gain,Mar,3
2025-03-21,116.91244866461768,117.9621966837067,115.39280254041711,117.6722640991211,266498500,46.42295429147809,-3.1104295162455458,-3.9128303501519386,0.8024008339063928,127.71234661102295,-7.8614815077207965,149.38104248046875,-21.226775402570585,320011525.0,0.8327778194863451,-3.262929044461438,4.455423819013649,-12.437082141967437,-0.0070024387239934205,1,19.280000686645508,3,1,0.5113199376615185,51.13199376615185,RSI 45-50,20-30% below,0-10% below,Normal (0.75-1x),MACD_Hist_Pos,VIX 15-20,0-1 days,0-5% drop,Mar,3
2025-03-24,119.8517551027078,122.19120779583362,119.31188140429414,121.38140106201172,228452500,50.46069331112347,-2.577706173030464,-3.645805514727644,1.06809934169718,127.73739696502686,-4.975830143740401,149.38104248046875,-18.74377160148546,318865095.0,0.7164550262235507,1.5728313460502852,13.498951203029307,-6.799842863124783,0.03152091099195853,0,17.479999542236328,3,1,0.4309534250890792,43.09534250890792,RSI>50,10-20% below,0-10% below,Low (<0.75x),MACD_Hist_Pos,VIX 15-20,0-1 days,0-5% gain,Mar,2
2025-03-25,120.5216012824151,121.26142480153007,118.89198043130345,120.66156768798828,167447200,49.67822041404878,-2.188377370740966,-3.3543198859303085,1.1659425151893426,127.72885009765625,-5.533035335607119,149.38104248046875,-19.225648928133218,313666020.0,0.533839145215666,4.556872214785113,10.979318169235096,-4.682064373458128,-0.005930343262850357,1,17.149999618530273,3,1,0.4915278843286015,49.15278843286015,RSI 45-50,10-20% below,0-10% below,Low (<0.75x),MACD_Hist_Pos,VIX 15-20,0-1 days,0-5% gain,Mar,2
2025-03-26,118.70203035263671,118.81199741904777,112.68344440410922,113.73320007324219,293463300,42.79908030116999,-2.4110992029355884,-3.1656757493313648,0.7545765463957763,127.69286731719971,-10.932221616795989,149.38104248046875,-23.863699044600953,312211495.0,0.9399503371904997,-3.199451530758013,-1.7107282210848895,-13.337549245716772,-0.05741983754646518,2,18.329999923706055,3,1,0.5670919052878878,56.70919052878878,RSI 40-45,20-30% below,10-20% below,Normal (0.75-1x),MACD_Hist_Pos,VIX 15-20,2 days,0-5% drop,Mar,4
2025-03-27,111.32377219977147,114.42304053099558,110.6339399022949,111.40375518798828,236902100,40.755639605745856,-2.7439441141290075,-3.081329422290893,0.3373853081618856,127.64578701019288,-12.724299174016313,149.38104248046875,-25.423096975271086,301897810.0,0.7847095677838802,-5.990032514817667,-3.590582245177565,-7.249060749813429,-0.020481661324519007,3,18.690000534057617,3,1,0.6102705172945491,61.027051729454904,RSI 40-45,20-30% below,10-20% below,Normal (0.75-1x),MACD_Hist_Pos,VIX 15-20,3 days,5-10% drop,Mar,5
2025-03-28,111.46373602695421,112.84341584506377,109.04430789656145,109.6441650390625,229872500,39.23190015963118,-3.1138161890338267,-3.08782677563948,-0.025989413394346794,127.58540130615235,-14.06213883674534,149.38104248046875,-26.60101762685299,293936880.0,0.7820471524362645,-6.822422532208727,-9.862740770330836,-12.1997293524314,-0.015794711282008045,4,21.649999618530273,3,1,0.6484229658040201,64.84229658040202,RSI 35-40,20-30% below,10-20% below,Normal (0.75-1x),MACD_Below_Signal,VIX 20-25,4 days,5-10% drop,Mar,7
2025-03-31,105.10522740758995,110.9338556226425,103.6255803841977,108.35446166992188,299212700,38.10730998210565,-3.4709992379757892,-3.164461268106742,-0.30653796986904736,127.52291488647461,-15.03137944550371,149.38104248046875,-27.464382447264697,288328445.0,1.0377495012675562,-10.732236799140749,-9.32820543759969,-4.971096022629373,-0.011762626571884982,5,22.280000686645508,3,1,0.6858524249280185,68.58524249280184,RSI 35-40,20-30% below,10-20% below,Moderate (1-1.5x),MACD_Below_Signal,VIX 20-25,5 days,10-15% drop,Mar,9
2025-04-01,108.49443304563391,110.17403760023085,106.4449205320371,110.12405395507812,222614000,40.622356187340216,-3.57012390328282,-3.2455937951419576,-0.32453010814086225,127.44783687591553,-13.592841860238089,149.38104248046875,-26.279766075754484,279550980.0,0.7963270241442187,-8.733115220381105,-4.574199906558718,-5.026174062599164,0.01633151286881862,0,21.770000457763672,4,2,0.6529516744283361,65.29516744283362,RSI 40-45,20-30% below,10-20% below,Normal (0.75-1x),MACD_Below_Signal,VIX 20-25,0-1 days,5-10% drop,Apr,5
2025-04-02,107.26472214391917,111.95361956622256,106.76483994973236,110.39398193359375,220601200,41.01608714045032,-3.5855677891741635,-3.313588593948399,-0.2719791952257644,127.35206912994384,-13.315910226041861,149.38104248046875,-26.099068462433895,276364145.0,0.7982265572113199,-2.936010010707546,-6.041525324234776,-5.856649214591558,0.002451126423530736,0,21.510000228881836,4,2,0.6588726955069815,65.88726955069815,RSI 40-45,20-30% below,10-20% below,Normal (0.75-1x),MACD_Below_Signal,VIX 20-25,0-1 days,0-5% drop,Apr,5
2025-04-03,103.48562015563714,105.60511590388697,101.57606639857329,101.7760238647461,338769400,33.40096647642804,-4.244278966926743,-3.499726668544068,-0.7445522983826747,127.20186706542968,-19.988577044710457,149.38104248046875,-31.868179405661134,277243520.0,1.221919992936174,-8.642196402622037,-14.114558542928247,-7.923151510600168,-0.07806546985533769,1,30.020000457763672,4,2,0.7839153816266837,78.39153816266837,RSI 30-35,30-40% below,10-20% below,Moderate (1-1.5x),MACD_Below_Signal,VIX 30-35,0-1 days,5-10% drop,Apr,10
2025-04-04,98.88670323249266,100.10640942744341,92.08830207120735,94.28778076171875,532273800,28.457034909803795,-5.309348097693189,-3.861650954373892,-1.4476971433192967,127.01872154235839,-25.768595670933813,149.38104248046875,-36.881026403302364,286769435.0,1.8561036673939815,-14.0056557244727,-19.872553244751412,-16.302535896450586,-0.07357570888187526,2,45.310001373291016,4,2,0.9301519732834631,93.01519732834632,RSI 25-30,30-40% below,20-30% below,High (1.5-2x),MACD_Below_Signal,VIX>40,2 days,10-15% drop,Apr,13
2025-04-07,87.43938789235719,101.72602116602216,86.59958951154498,97.61698913574219,611041300,33.19170305638153,-5.817720701959104,-4.252864903890934,-1.5648557980681694,126.82923324584961,-23.032737297624063,149.38104248046875,-34.65235781273557,298997130.0,2.0436360041315447,-9.90958043508079,-19.57829759612735,-8.722211231983135,0.035309011911489385,0,46.97999954223633,4,2,0.8482439893413398,84.82439893413398,RSI 30-35,30-40% below,20-30% below,Very High (2-3x),MACD_Below_Signal,VIX>40,0-1 days,5-10% drop,Apr,11
2025-04-08,103.78553826456235,105.82505852328022,94.43774279946976,96.27731323242188,476243400,32.26633252499758,-6.256588247994031,-4.653609572711554,-1.6029786752824773,126.65703498840332,-23.985814730909347,149.38104248046875,-35.5491756960995,305066015.0,1.5611158784763357,-12.573765880708155,-20.208799639186047,-11.448269880520435,-0.013723798645924323,1,52.33000183105469,4,2,0.8901623391545939,89.01623391545938,RSI 30-35,30-40% below,20-30% below,High (1.5-2x),MACD_Below_Signal,VIX>40,0-1 days,10-15% drop,Apr,12
2025-04-09,98.86670469924479,115.07288532975399,97.50702445286697,114.30307006835938,612918300,51.75611039804813,-5.091178079223042,-4.741123274013852,-0.3500548052091901,126.59600528717041,-9.71036581361769,149.38104248046875,-23.48221155083701,319519055.0,1.9182527314372535,3.54103372873813,0.5010586132722983,-1.2182413589140295,0.18722746024727277,0,33.619998931884766,4,2,0.5363612650224283,53.63612650224283,RSI>50,20-30% below,0-10% below,High (1.5-2x),MACD_Below_Signal,VIX 30-35,0-1 days,0-5% gain,Apr,6
2025-04-10,109.34423379452805,110.83388059600858,99.12664053501021,107.5446548461914,437812400,46.36888666778511,-4.659221149000217,-4.724742849011125,0.06552170001090829,126.5434631729126,-15.013662381565041,149.38104248046875,-28.006490609240032,326458020.0,1.341098619663257,5.667966542995884,-3.464066660306775,-6.930268743018253,-0.05912715396118473,1,40.720001220703125,4,2,0.6306793662612753,63.06793662612753,RSI 45-50,20-30% below,10-20% below,Moderate (1-1.5x),MACD_Hist_Pos,VIX>40,0-1 days,>5% gain,Apr,7
2025-04-11,108.47443427245335,111.52371865557488,107.45467796999777,110.90386199951172,313417300,49.19929886624534,-3.9997258763499417,-4.579739454478888,0.5800135781289466,126.46783630371094,-12.306666073437462,149.38104248046875,-25.757739966226197,328249210.0,0.9548150930812598,17.622730223956196,1.148895575063591,-8.82715778755756,0.031235463613924708,0,37.560001373291016,4,2,0.5775006327223862,57.75006327223862,RSI 45-50,20-30% below,10-20% below,Normal (0.75-1x),MACD_Hist_Pos,VIX 35-40,0-1 days,>5% gain,Apr,7
2025-04-14,114.08311462021162,114.2630725146749,109.04430120283689,110.68391418457031,264705000,49.01688990277925,-3.4549920738830906,-4.354789978359729,0.899797904476638,126.38956043243408,-12.426379357700009,149.38104248046875,-25.9049794092567,328709385.0,0.8052857997954637,13.385912805257494,2.1498445737699434,-7.378902782260111,-0.0019832295375104003,1,30.889999389648438,4,2,0.6078256291443043,60.78256291443043,RSI 45-50,20-30% below,10-20% below,Normal (0.75-1x),MACD_Hist_Pos,VIX 30-35,0-1 days,>5% gain,Apr,7
2025-04-15,110.94385517244878,113.5932323217664,110.47396469045397,112.1735610961914,228966900,50.35926485009002,-2.8700009698964664,-4.057832176667076,1.1878312067706096,126.33077701568604,-11.206466273643501,149.38104248046875,-24.907766585671098,325173385.0,0.7041378863156343,16.51089683547213,1.861089441866448,-2.7982404162030905,0.013458567331988691,0,30.1200008392334,4,2,0.6026960283042435,60.269602830424354,RSI>50,20-30% below,10-20% below,Low (<0.75x),MACD_Hist_Pos,VIX 30-35,0-1 days,>5% gain,Apr,7
2025-04-16,104.52537649088836,106.76484672728219,100.4263361362673,104.46538543701172,397016900,43.915776787470584,-2.993865246195952,-3.8450387905728514,0.8511735443768993,126.23570163726806,-17.245767970468652,149.38104248046875,-30.067842811667123,331352920.0,1.1981693114398992,-8.606667017311253,-5.370398270576304,-11.087469623281942,-0.06871651023515024,1,32.63999938964844,4,2,0.7397130265670511,73.9713026567051,RSI 40-45,30-40% below,10-20% below,Moderate (1-1.5x),MACD_Hist_Pos,VIX 30-35,0-1 days,5-10% drop,Apr,8
2025-04-17,104.4253812132841,104.44538077133734,100.02642426353728,101.46607971191406,292517500,41.68100272703772,-3.2960526402139294,-3.735241560501067,0.43918892028713774,126.12183151245117,-19.549154579239524,149.38104248046875,-32.075665006032786,333537310.0,0.8770158277045528,-5.652140632159563,-0.3045355291575569,-14.376110226538842,-0.02871100041942709,2,29.649999618530273,4,2,0.7894632840282112,78.94632840282112,RSI 40-45,30-40% below,10-20% below,Normal (0.75-1x),MACD_Hist_Pos,VIX 25-30,2 days,5-10% drop,Apr,7
2025-04-21,98.74673137333838,99.41657935183265,95.01761424618036,96.88717651367188,288501100,38.4630327589844,-3.860515923247746,-3.7602964330504034,-0.10021949019734278,125.99321296691895,-23.101273289132816,149.38104248046875,-35.14091553729807,334637440.0,0.8621303701104096,-12.638590968005747,2.756874465549508,-17.663540125259193,-0.04512742791721891,3,33.81999969482422,4,2,0.8592766030227426,85.92766030227426,RSI 35-40,30-40% below,20-30% below,Normal (0.75-1x),MACD_Below_Signal,VIX 30-35,3 days,10-15% drop,Apr,12
2025-04-22,98.75672452641882,99.78648062043173,97.2570779520085,98.86669921875,241004800,40.59817743148638,-4.100854109570022,-3.8284079683543273,-0.2724461412156951,125.84645561218262,-21.438630323110058,149.38104248046875,-33.81576565736137,335265055.0,0.7188485540194459,-10.676542343916918,1.2802178125674635,-18.548724636782975,0.020431214700521227,0,30.56999969482422,4,2,0.7614732577205536,76.14732577205537,RSI 40-45,30-40% below,20-30% below,Low (<0.75x),MACD_Below_Signal,VIX 30-35,0-1 days,10-15% drop,Apr,10
2025-04-23,104.49537749742674,104.77531795205407,101.99596635952085,102.68580627441406,247526000,44.592522885490986,-3.9377617655294443,-3.850278727789351,-0.08748303774009347,125.73103782653808,-18.328991751358835,149.38104248046875,-31.25914468842992,339268995.0,0.7295862682648027,-8.458102541330014,6.656285709304677,-14.897669372286536,0.03862885163399654,0,28.450000762939453,4,2,0.6628551075046321,66.2855107504632,RSI 40-45,30-40% below,10-20% below,Low (<0.75x),MACD_Below_Signal,VIX 25-30,0-1 days,5-10% drop,Apr,7
2025-04-24,103.4556132191724,106.51488953927,103.08569768188364,106.40491485595703,220815000,48.24242707108876,-3.4684270591007333,-3.773908394051628,0.30548133495089447,125.62237140655517,-15.297797944288247,149.38104248046875,-28.769465596767912,335636580.0,0.6578990883532421,1.8566240011766988,-6.909836461679308,-6.443400179161296,0.03621833159301646,0,26.469999313354492,4,2,0.6032310140638955,60.32310140638955,RSI 45-50,20-30% below,10-20% below,Low (<0.75x),MACD_Hist_Pos,VIX 25-30,0-1 days,0-5% gain,Apr,6
2025-04-25,106.82483233532861,111.8936379045766,105.70510100806126,110.98385620117188,251064700,52.399921384199295,-2.6959167737152256,-3.5583100699843477,0.8623932962691221,125.52070720672607,-11.581237334500322,149.38104248046875,-25.704189528813355,336344710.0,0.746450568525368,9.38025448138038,3.1979286742787494,-0.37691636705410314,0.04303317521952321,0,24.84000015258789,4,2,0.5464545102329874,54.64545102329874,RSI>50,20-30% below,10-20% below,Low (<0.75x),MACD_Hist_Pos,VIX 20-25,0-1 days,>5% gain,Apr,5
2025-04-28,109.66415673478784,110.343996814893,105.9950156815573,108.70438385009766,207708500,50.23654800099342,-2.241789224581879,-3.2950059009038544,1.0532166763219752,125.39000411987304,-13.306978005857554,149.38104248046875,-27.23013439653126,335236510.0,0.619587944045832,12.196874510795809,-1.9832295375103781,-0.8571191988465898,-0.020538774098301293,1,25.149999618530273,4,2,0.5362054213400087,53.62054213400087,RSI>50,20-30% below,10-20% below,Low (<0.75x),MACD_Hist_Pos,VIX 25-30,0-1 days,>5% gain,Apr,6
2025-04-29,107.64462809509338,110.1740307356611,107.41468656100368,108.99430847167969,170444300,50.51638024893482,-1.8373159416351825,-3.00346790905012,1.1661519674149377,125.29828258514404,-13.012128959058394,149.38104248046875,-27.036050450691924,328798090.0,0.518385918847643,10.243701198642817,-1.5265142413315225,0.5905126488533252,0.002667092267243154,0,24.170000076293945,4,2,0.5439524371308562,54.39524371308562,RSI>50,20-30% below,10-20% below,Low (<0.75x),MACD_Hist_Pos,VIX 20-25,0-1 days,>5% gain,Apr,5
2025-04-30,104.44538450923935,108.89433288574219,104.05547701680861,108.89433288574219,235044600,50.41110965768713,-1.507458106391212,-2.704265948518339,1.1968078421271269,125.19686557769775,-13.021518243871796,149.38104248046875,-27.102977005947803,329419620.0,0.7135112353052924,6.046139029903186,-2.92335215036742,-1.1166689067200197,-0.0009172551056964018,1,24.700000762939453,4,2,0.5678649993505218,56.786499935052184,RSI>50,20-30% below,10-20% below,Low (<0.75x),MACD_Hist_Pos,VIX 20-25,0-1 days,>5% gain,Apr,5
2025-05-01,113.05335693358144,114.91291927434723,111.27377757314032,111.58370208740234,236121500,53.23432004989281,-1.0173068962369598,-2.3668741380620633,1.3495672418251035,125.11289360046386,-10.813586932347443,149.38104248046875,-25.30263530461593,330195635.0,0.7150957643640565,4.867056412249338,6.81404335092668,1.0777038140759032,0.024697053835501137,0,24.600000381469727,5,2,0.5889465378241112,58.89465378241112,RSI>50,20-30% below,10-20% below,Low (<0.75x),MACD_Hist_Pos,VIX 20-25,0-1 days,0-5% gain,May,5
2025-05-02,114.15310576985596,115.37281962529518,113.34329900218786,114.47303009033203,190194800,56.12441978094036,-0.39120434791958303,-1.9717401800335672,1.5805358321139842,125.05376327514648,-8.460947441889013,149.38104248046875,-23.368435385434445,322766905.0,0.5892636359356608,3.1438571415608463,12.819013423350679,12.475439443831537,0.025893817366504868,0,22.68000030517578,5,2,0.547530962811835,54.7530962811835,RSI>50,20-30% below,0-10% below,Low (<0.75x),MACD_Hist_Pos,VIX 20-25,0-1 days,0-5% gain,May,4
2025-05-05,112.88340074602954,114.64298057759626,112.63345964895049,113.79318237304688,133163200,55.25907600274579,0.04955713953049212,-1.5674807161207556,1.6170378556512477,125.03306358337403,-8.989527160415632,149.38104248046875,-23.82354515438257,302811375.0,0.4397562674123454,4.681318584139738,17.449167648093635,20.687093760984343,-0.005938933535249991,1,23.639999389648438,5,2,0.5624879484549214,56.24879484549214,RSI>50,20-30% below,0-10% below,Low (<0.75x),MACD_Hist_Pos,VIX 20-25,0-1 days,0-5% gain,May,4
2025-05-06,111.4537475013017,114.7129742117387,110.7938992837595,113.51325988769531,158525600,54.88385061938158,0.37198833867806513,-1.1795869051609915,1.5515752438390567,124.9954716873169,-9.186102220042795,149.38104248046875,-24.010933380293604,280185590.0,0.5657878408379247,4.146043476380057,14.814452980309078,16.284328058764874,-0.0024599231651145637,2,24.760000228881836,5,2,0.5657244288872265,56.57244288872265,RSI>50,20-30% below,0-10% below,Low (<0.75x),MACD_Hist_Pos,VIX 20-25,2 days,0-5% gain,May,4
2025-05-07,113.02337494499027,117.65228163619798,112.25355204144066,117.03242492675781,206758800,58.68233939638864,0.9010973059277063,-0.7634500629432519,1.6645473688709582,124.99126792907715,-6.367519214890568,149.38104248046875,-21.655102291805502,266711360.0,0.7752155738698194,7.4733843583527415,13.971374596800977,21.55763491678593,0.031002237470267424,0,23.549999237060547,5,2,0.49412275645492865,49.41227564549286,RSI>50,20-30% below,0-10% below,Normal (0.75-1x),MACD_Hist_Pos,VIX 20-25,0-1 days,>5% gain,May,4
2025-05-08,118.22215145930612,118.65205049698933,115.82271514729747,117.34236145019531,198428100,59.00966359277085,1.3300967344923293,-0.34474070345613567,1.674837437948465,124.9605774307251,-6.0964955005534645,149.38104248046875,-21.447621798771703,245986850.0,0.8066614129982964,5.1608427172296745,10.279080255874051,2.6589761587490823,0.002648296176307241,0,22.479999542236328,5,2,0.4510642121498556,45.10642121498556,RSI>50,20-30% below,0-10% below,Normal (0.75-1x),MACD_Hist_Pos,VIX 20-25,0-1 days,>5% gain,May,4
2025-05-09,117.32235248570746,118.20215005190205,115.18285724943865,116.62252044677734,132972200,57.86311438426761,1.593626386405731,0.04293271451623765,1.5506936718894933,124.93103538513184,-6.650481133644151,149.38104248046875,-21.92950423275732,230744840.0,0.576273774962855,1.8777264432933372,5.080616621740641,8.441019791796212,-0.0061345365349878556,1,21.899999618530273,5,2,0.5110345469600281,51.103454696002814,RSI>50,20-30% below,0-10% below,Low (<0.75x),MACD_Hist_Pos,VIX 20-25,0-1 days,0-5% gain,May,4
2025-05-12,121.94126742822685,122.97102355957031,120.25166311897564,122.97102355957031,225023300,64.42761869737937,2.2883677991942335,0.49201973145183686,1.7963480677423966,124.97491584777832,-1.6034355971471779,149.38104248046875,-17.679632222643978,226325140.0,0.994247921375416,8.065369994166982,13.1242542427233,10.880740618493267,0.05443633946918691,0,18.389999389648438,5,2,0.4365220673607204,43.65220673607204,RSI>50,10-20% below,0-10% below,Normal (0.75-1x),MACD_Hist_Pos,VIX 15-20,0-1 days,>5% gain,May,2
2025-05-13,124.95056035306071,131.18908818741485,124.44067836400953,129.89938354492188,330430100,69.93284988892955,3.359292291815052,1.06547424352448,2.2938180482905723,125.0632833480835,3.86692246306876,149.38104248046875,-13.041587213514097,229611395.0,1.4390840663635183,14.435426903815674,19.179969455628964,17.36067024907424,0.0563414029159095,0,18.219999313354492,5,2,0.41332344111171904,41.332344111171906,RSI>50,10-20% below,0-10% above,Moderate (1-1.5x),MACD_Hist_Pos,VIX 15-20,0-1 days,>5% gain,May,0
2025-05-14,133.16861033831793,135.40808800730593,131.6489642323906,135.30810546875,281180800,73.39449838724174,4.591518161247109,1.7706830270690057,2.820835134178103,125.17479629516602,8.095327073422453,149.38104248046875,-9.420831973079018,232222090.0,1.210827100901555,15.615912046109969,24.25633353273082,20.623883334434034,0.0416377797663503,0,18.6200008392334,5,2,0.3185492456091603,31.854924560916032,RSI>50,<10% below,0-10% above,Moderate (1-1.5x),MACD_Hist_Pos,VIX 15-20,0-1 days,>5% gain,May,0
2025-05-15,134.258351724734,136.2678878895653,132.6287461607251,134.79823303222656,226632600,72.54657004981489,5.463938711749023,2.5093341640050095,2.9546045477440135,125.29110637664795,7.5880299332647425,149.38104248046875,-9.762155361948862,223702875.0,1.0130965013301685,14.876018657115742,20.804589299824915,29.03626638462391,-0.003768232765931301,1,17.829999923706055,5,2,0.3127068325972304,31.270683259723043,RSI>50,<10% below,0-10% above,Moderate (1-1.5x),MACD_Hist_Pos,VIX 15-20,0-1 days,>5% gain,May,0
2025-05-16,136.18791721457987,136.31789147723805,133.42857277146337,135.36810302734375,226542500,72.92309486649411,6.130651692957883,3.233597669795585,2.8970540231622985,125.44954685211182,7.90641052448326,149.38104248046875,-9.380667868184922,220404125.0,1.0278505449932027,16.073724447690417,18.253271465360154,33.412174208056,0.004227577634351887,0,17.239999771118164,5,2,0.3124990136937631,31.24990136937631,RSI>50,<10% below,0-10% above,Moderate (1-1.5x),MACD_Hist_Pos,VIX 15-20,0-1 days,>5% gain,May,0
2025-05-19,132.35879696756518,135.83797251007488,132.35879696756518,135.53805541992188,193154600,73.04184206776979,6.596697647524252,3.9062176653413183,2.6904799821829335,125.54241916656494,7.961959248288104,149.38104248046875,-9.26689681012021,215636800.0,0.895740430204863,10.219506593164018,19.109117605647974,39.892667220822474,0.0012554832990736564,0,18.139999389648438,5,2,0.3145418098394821,31.45418098394821,RSI>50,<10% below,0-10% above,Normal (0.75-1x),MACD_Hist_Pos,VIX 15-20,0-1 days,>5% gain,May,0
2025-05-20,134.2583525069389,134.54829272140586,132.58874781513978,134.3483428955078,161514200,70.70424693542253,6.791751482943212,4.483324428861697,2.3084270540815153,125.6683740234375,6.907043191671662,149.38104248046875,-10.06332486060032,211662270.0,0.7630750629292599,3.424927223805807,18.354756993522827,35.88836681828733,-0.00877770099864661,1,18.09000015258789,5,2,0.35342233248715194,35.342233248715196,RSI>50,10-20% below,0-10% above,Normal (0.75-1x),MACD_Hist_Pos,VIX 15-20,0-1 days,0-5% gain,May,0
2025-05-21,133.02864907239967,137.36762292180558,130.55922977564506,131.76895141601562,270608700,65.78831089514696,6.661409139304098,4.9189413709501775,1.7424677683539205,125.7911273574829,4.752182593565982,149.38104248046875,-11.79004428674801,212816405.0,1.2715593988160827,-2.615626048767461,12.591832134111836,28.322458766969948,-0.019199280198776703,2,20.8700008392334,5,2,0.4158078004912218,41.58078004912218,RSI>50,10-20% below,0-10% above,Moderate (1-1.5x),MACD_Hist_Pos,VIX 20-25,2 days,0-5% drop,May,1
2025-05-22,132.19884131725317,134.21836966107523,131.51900885300861,132.7987060546875,187344000,66.7813001139548,6.565521244218132,5.248257345603768,1.3172638986143639,125.95311290740966,5.435032917614473,149.38104248046875,-11.100696681742166,211142855.0,0.8872855299792172,-1.4833480621819661,13.172007460453617,24.805048934497442,0.0078148503695743,0,20.280000686645508,5,2,0.4097987658644693,40.97987658644693,RSI>50,10-20% below,0-10% above,Normal (0.75-1x),MACD_Hist_Pos,VIX 20-25,0-1 days,0-5% drop,May,1
2025-05-23,129.96937433382988,132.64873565144939,129.12957588399638,131.25906372070312,198821300,63.79963423316693,6.292754174482894,5.457156711379594,0.8355974631033005,126.0884094619751,4.100816467422687,149.38104248046875,-12.131377890293566,208530685.0,0.953439058621037,-3.0354560747671955,12.550357527734457,18.268609700117054,-0.01159380523896325,1,22.290000915527344,5,2,0.43890453993481193,43.890453993481195,RSI>50,10-20% below,0-10% above,Normal (0.75-1x),MACD_Hist_Pos,VIX 20-25,0-1 days,0-5% drop,May,1
2025-05-27,134.1183754403962,135.6280293045703,133.27857708527512,135.4680633544922,192953600,68.00522400038753,6.343096137078248,5.634344596519325,0.7087515405589233,126.27143810272217,7.283218905203673,149.38104248046875,-9.313751527604753,207792940.0,0.9285859278953366,-0.05164015760211749,10.162589066251027,24.620607335672307,0.03206635423474524,0,18.959999084472656,5,2,0.38482378138856177,38.48237813885618,RSI>50,<10% below,0-10% above,Normal (0.75-1x),MACD_Hist_Pos,VIX 15-20,0-1 days,0-5% drop,May,0
2025-05-28,135.9979578766118,137.2176717346689,134.75824445795843,134.7782440185547,304021100,66.63880988398553,6.2552235267054925,5.758520382556559,0.4967031441489338,126.42073226928711,6.610871175358603,149.38104248046875,-9.775536587129753,214471780.0,1.417534278868763,0.31998989625143803,3.75587654112739,23.656221970135725,-0.005092117794083917,1,19.309999465942383,5,2,0.37648048580596005,37.648048580596004,RSI>50,<10% below,0-10% above,Moderate (1-1.5x),MACD_Hist_Pos,VIX 15-20,0-1 days,0-5% gain,May,0
2025-05-29,142.21648797143945,143.45620133736625,137.87751407348716,139.15721130371094,369241900,70.66787765666297,6.464412193443522,5.899698744733952,0.5647134487095702,126.59302070617676,9.924868312207945,149.38104248046875,-6.844128951700519,221181645.0,1.6694057049806281,5.606980861803623,2.8446971610654126,27.7910499251804,0.03249016424752793,0,19.18000030517578,5,2,0.3295730929393572,32.95730929393572,RSI>50,<10% below,0-10% above,High (1.5-2x),MACD_Hist_Pos,VIX 15-20,0-1 days,>5% gain,May,0
2025-05-30,138.6873257641086,139.58710766728817,132.88868890141003,135.09817504882812,333170900,63.06485394420894,6.230840169063072,5.965927029599776,0.264913139463296,126.72367431640625,6.608473734364942,149.38104248046875,-9.561365481505513,226034115.0,1.4739850221281863,1.7315447284506513,0.22251183109340822,21.073393803520823,-0.029168709381678815,1,18.56999969482422,5,2,0.3996431360386292,39.96431360386292,RSI>50,<10% below,0-10% above,Moderate (1-1.5x),MACD_Hist_Pos,VIX 15-20,0-1 days,0-5% gain,May,0
2025-06-02,135.45808684638126,138.08745689917103,135.36809645457458,137.34764099121094,197663100,65.2933803674438,6.156279995290532,6.003997622737927,0.15228237255260524,126.82999240875245,8.29271403609473,149.38104248046875,-8.05550777357251,226407530.0,0.8730411925787097,4.638595688495273,1.4623370791177592,19.982532901267902,0.016650601990513936,0,18.360000610351562,6,2,0.4019087423197869,40.19087423197869,RSI>50,<10% below,0-10% above,Normal (0.75-1x),MACD_Hist_Pos,VIX 15-20,0-1 days,0-5% gain,Jun,0
2025-06-03,138.74729436292043,141.9665367692297,137.91748812723765,141.1867218017578,225578800,68.75795510448467,6.3339583284150365,6.06998976387335,0.2639685645416865,126.94581050872803,11.21810261871593,149.38104248046875,-5.485515794135877,231028310.0,0.9764119384329998,4.221407101909369,4.167587003026818,24.073093710400872,0.027951559872750442,0,17.690000534057617,6,2,0.2971467163553396,29.71467163553396,RSI>50,<10% below,10-20% above,Normal (0.75-1x),MACD_Hist_Pos,VIX 15-20,0-1 days,0-5% gain,Jun,0
2025-06-04,142.15650682982962,142.3564566649135,139.5071219355859,141.88656616210938,167120800,69.35844718612165,6.456811178515977,6.147354046801876,0.30945713171410105,127.0412393951416,11.68543918309372,149.38104248046875,-5.01701969266901,231458070.0,0.722034880874968,5.274087220320278,5.6109536627962475,24.995587566144508,0.00495687095373043,0,17.610000610351562,6,2,0.32711176793088215,32.711176793088214,RSI>50,<10% below,10-20% above,Low (<0.75x),MACD_Hist_Pos,VIX 15-20,0-1 days,>5% gain,Jun,0
2025-06-05,142.13651043477643,143.96608121416313,138.79730082341692,139.95703125,231397900,65.61389808614587,6.325558504796959,6.182994938400893,0.14256356639606604,127.11842475891113,10.09972119733089,149.38104248046875,-6.308706294977771,232690025.0,0.9944470116413456,0.5747599702493611,6.213967513586183,19.588252005877038,-0.013599137425771679,1,18.479999542236328,6,2,0.2861820644589579,28.618206445895787,RSI>50,<10% below,10-20% above,Normal (0.75-1x),MACD_Hist_Pos,VIX 15-20,0-1 days,0-5% gain,Jun,0
2025-06-06,142.47640682683559,143.23623746842864,141.47664251332282,141.6865997314453,153986200,67.31719103439494,6.288610351487989,6.204118021018313,0.08449233046967652,127.17717094421387,11.408831223015635,149.38104248046875,-5.150883017856478,230467930.0,0.6681458891048312,4.876768083829375,6.692756232954333,20.74633404372268,0.012357853449719514,0,16.770000457763672,6,2,0.2690703093928615,26.907030939286148,RSI>50,<10% below,10-20% above,Low (<0.75x),MACD_Hist_Pos,VIX 15-20,0-1 days,0-5% gain,Jun,0
2025-06-09,143.15627066728982,144.96584183837217,141.9065651342004,142.59640502929688,185114500,68.20926797437771,6.260574353692931,6.215409287553237,0.04516506613969362,127.25420951843262,12.056336343547017,149.38104248046875,-4.541832978611695,233075045.0,0.7942270267501181,3.821517428480492,8.637377859648353,22.271757189790065,0.0064212515479658006,0,17.15999984741211,6,2,0.27485709773083467,27.485709773083467,RSI>50,<10% below,10-20% above,Normal (0.75-1x),MACD_Hist_Pos,VIX 15-20,0-1 days,0-5% gain,Jun,0
2025-06-10,142.65638139553192,144.25599524562207,141.4966510569608,143.92608642578125,155881900,69.5187499525309,6.273334702106439,6.226994370463878,0.04634033164256124,127.33164962768555,13.032452533692451,149.38104248046875,-3.6517057078382114,229617975.0,0.6788749879010997,1.9402423889902431,6.243555020902702,17.04065092705338,0.009324789052088667,0,16.950000762939453,6,2,0.2728748115525945,27.287481155259453,RSI>50,<10% below,10-20% above,Low (<0.75x),MACD_Hist_Pos,VIX 15-20,0-1 days,0-5% gain,Jun,0
2025-06-11,144.5859620448177,144.96590375929992,141.84641202362192,142.80625915527344,167694000,67.01517674600467,6.122510181967044,6.206097532764511,-0.08358735079746715,127.42727909088134,12.068828726558449,149.38104248046875,-4.401350543563753,221481170.0,0.7571478875608252,0.6481889145962372,5.9564621836248,9.936056090588075,-0.007780571947151982,1,17.260000228881836,6,2,0.2787951341982664,27.87951341982664,RSI>50,<10% below,10-20% above,Normal (0.75-1x),MACD_Below_Signal,VIX 15-20,0-1 days,0-5% gain,Jun,0
2025-06-12,141.94641106631286,144.9759063720703,141.82643588786814,144.9759063720703,162365000,69.32048792694891,6.107647897933134,6.1864076057982365,-0.07875970786510234,127.50562038421631,13.70158110302141,149.38104248046875,-2.948925804272921,215540380.0,0.7532927240826057,3.586011418822732,4.1813823472360845,7.1450271732266035,0.015192942029507384,0,18.020000457763672,6,2,0.24944972398578225,24.944972398578223,RSI>50,<10% below,10-20% above,Normal (0.75-1x),MACD_Below_Signal,VIX 15-20,0-1 days,0-5% gain,Jun,0
2025-06-13,142.45632089769495,143.55614422146527,140.82660211679442,141.9464111328125,180820600,62.728091657983796,5.7847316973625595,6.106072424111101,-0.3213407267485415,127.58335720062256,11.257780205300834,149.38104248046875,-4.976957734532019,213249780.0,0.8479286590588745,0.18337048236010123,5.069081119348384,5.302872255660063,-0.020896542846801203,1,20.81999969482422,6,2,0.26991733493861925,26.991733493861926,RSI>50,<10% below,10-20% above,Normal (0.75-1x),MACD_Below_Signal,VIX 20-25,0-1 days,0-5% gain,Jun,1
2025-06-16,143.32618096280035,146.1556971839991,143.1761967394354,144.66595458984375,183133700,65.86625831405092,5.6827554433754415,6.02140902796397,-0.33865358458852857,127.66549610137939,13.316408119359258,149.38104248046875,-3.1564165119824272,211079340.0,0.867605991187958,1.4513336154033274,5.328314010941848,6.868569001533453,0.01915894481112801,0,19.110000610351562,6,2,0.25903845107199497,25.903845107199498,RSI>50,<10% below,10-20% above,Normal (0.75-1x),MACD_Below_Signal,VIX 15-20,0-1 days,0-5% gain,Jun,0
2025-06-17,144.46598768948277,145.1958620737219,143.75609899624828,144.09603881835938,139108000,64.63802240389404,5.49263540570729,5.9156543035126345,-0.42301889780534463,127.7582289505005,12.788068527616261,149.38104248046875,-3.5379346497735,208377010.0,0.667578443514474,0.11808310557084312,2.060616593029607,6.314081585369724,-0.003939529332248171,1,21.600000381469727,6,2,0.29246809279377795,29.246809279377793,RSI>50,<10% below,10-20% above,Low (<0.75x),MACD_Below_Signal,VIX 20-25,0-1 days,0-5% gain,Jun,1
2025-06-18,143.9860537050978,145.62578045463974,143.0962022725339,145.455810546875,161494100,66.25487296023222,5.3895586433621645,5.810435171482541,-0.42087652812037657,127.8978413772583,13.728120021843235,149.38104248046875,-2.6276640384987044,208376005.0,0.7750129387498335,1.855346822523174,2.5155618895503107,8.267662564328205,0.009436565638210936,0,20.139999389648438,6,2,0.31633778095191745,31.633778095191744,RSI>50,<10% below,10-20% above,Normal (0.75-1x),MACD_Below_Signal,VIX 20-25,0-1 days,0-5% gain,Jun,1
2025-06-20,145.42582047781178,146.17569581398777,142.6262828381709,143.8260955810547,242956200,62.56272319006287,5.117375272247301,5.671823191635493,-0.5544479193881919,128.02040943145752,12.34622371525813,149.38104248046875,-3.7186424777698015,206993380.0,1.1737389862419754,-0.7931047439460159,2.7644658481955853,9.150216371512832,-0.011204192941437152,1,20.6200008392334,6,2,0.39757624482708986,39.757624482708984,RSI>50,<10% below,10-20% above,Moderate (1-1.5x),MACD_Below_Signal,VIX 20-25,0-1 days,0-5% drop,Jun,1
2025-06-23,142.47632119978937,144.7559411184857,142.00639807778802,144.1460418701172,154308900,62.9986654580107,4.871331306287686,5.511724814565932,-0.6403935082782457,128.20139987945558,12.437182437675359,149.38104248046875,-3.504461157469849,205341625.0,0.7514740374729186,1.549620536194185,1.7358325652062634,8.54476384036209,0.002224535733727162,0,19.829999923706055,6,2,0.43616342331308466,43.616342331308466,RSI>50,<10% below,10-20% above,Normal (0.75-1x),MACD_Below_Signal,VIX 15-20,0-1 days,0-5% gain,Jun,0
2025-06-24,145.53578955415,147.93539956519925,145.47580197371775,147.87539672851562,187566100,67.71748534642663,4.920546463470316,5.393489144346809,-0.4729426808764927,128.40998279571534,15.158801137577749,149.38104248046875,-1.007922911068173,204778865.0,0.9159446215311331,2.218519310760625,3.7020510426852393,12.659189039447384,0.025872058712224533,0,17.479999542236328,6,2,0.3718828557401064,37.188285574010635,RSI>50,<10% below,10-20% above,Normal (0.75-1x),MACD_Below_Signal,VIX 15-20,0-1 days,0-5% gain,Jun,0
2025-06-25,149.24520677628502,154.4243389252029,149.23519867353343,154.28436279296875,269146500,73.88195391475722,5.414287295880655,5.397648774653579,0.016638521227076097,128.64561294555665,19.929750622947807,154.28436279296875,0.0,208588510.0,1.290322750759378,7.070509403421066,7.196941586075134,13.889841614726684,0.043340313576431866,0,16.760000228881836,6,2,0.3123026194766585,31.23026194766585,RSI>50,<10% below,10-20% above,Moderate (1-1.5x),MACD_Hist_Pos,VIX 15-20,0-1 days,>5% gain,Jun,0
2025-06-26,155.95406403411533,156.69394650127538,153.97439748110884,154.99423217773438,198145700,74.46360563916275,5.7960477588515005,5.477328571493164,0.3187191873583366,128.9066819000244,20.237546955046575,154.99423217773438,0.0,203294740.0,0.9746720451301396,6.557607836357615,8.534621027506173,14.999444685150065,0.004601045575293838,0,16.59000015258789,6,2,0.33461278938878114,33.46127893887812,RSI>50,<10% below,>20% above,Normal (0.75-1x),MACD_Hist_Pos,VIX 15-20,0-1 days,>5% gain,Jun,0
2025-06-27,156.01406285223712,158.68363258213975,155.23419369167684,157.72378540039062,263234500,76.61971116255162,6.246838147785837,5.631230486751699,0.6156076610341383,129.16320743560792,22.112007383388253,157.72378540039062,0.0,197994370.0,1.3295049753182375,9.662843007167465,8.793101796931557,13.342157350479011,0.017610676115523027,0,16.31999969482422,6,2,0.25959557633439134,25.959557633439132,RSI>50,<10% below,>20% above,Moderate (1-1.5x),MACD_Hist_Pos,VIX 15-20,0-1 days,>5% gain,Jun,0
2025-06-30,158.37368067249696,158.6336472456001,155.93409881773164,157.96376037597656,194580300,76.80513321787313,6.547975765114018,5.814579542424163,0.7333962226898549,129.41278678894042,22.06194171028863,157.96376037597656,0.0,191064840.0,1.0183993036081365,9.585916010312534,11.284081869584849,16.925162252476177,0.0015214888165202556,0,16.729999542236328,6,2,0.23565419631342288,23.565419631342287,RSI>50,<10% below,>20% above,Moderate (1-1.5x),MACD_Hist_Pos,VIX 15-20,0-1 days,>5% gain,Jun,0
2025-07-01,156.26402965591922,157.17388214393176,151.46483925954294,153.2745361328125,213143600,65.82035121059106,6.335219818949355,5.918707597729202,0.4165122212201533,129.59489120483397,18.272051242013205,157.96376037597656,-2.9685443243456797,191838865.0,1.111055364094236,3.6511411118707926,5.950661693261394,11.596045644949049,-0.02968544324345679,1,16.829999923706055,7,3,0.22694454952712784,22.694454952712782,RSI>50,<10% below,10-20% above,Moderate (1-1.5x),MACD_Hist_Pos,VIX 15-20,0-1 days,0-5% gain,Jul,0
2025-07-02,152.9545671877056,157.57380961936815,152.94457434216997,157.22386169433594,171224100,69.74503337829354,6.411380363825657,6.017242150948492,0.39413821287716466,129.78554664611818,21.141271703414617,157.96376037597656,-0.46839773874688684,189121130.0,0.9053673695794859,1.9052474587535784,9.110467562904256,11.358815962237646,0.025766351418616162,0,16.639999389648438,7,3,0.19656995272531375,19.656995272531375,RSI>50,<10% below,>20% above,Normal (0.75-1x),MACD_Hist_Pos,VIX 15-20,0-1 days,0-5% gain,Jul,0
2025-07-03,158.34368228178877,160.95324924613055,157.74379112425564,159.3135223388672,143716100,71.60303598146828,6.564682718334353,6.126730264425666,0.43795245390868764,129.98685035705566,22.561260543859067,159.3135223388672,0.0,187950895.0,0.764647063798233,2.7867425132180434,9.527093995001579,12.282315830271795,0.013290989179453039,0,16.3799991607666,7,3,0.24928599621617975,24.928599621617977,RSI>50,<10% below,>20% above,Normal (0.75-1x),MACD_Hist_Pos,VIX 15-20,0-1 days,0-5% gain,Jul,0
2025-07-07,158.17371270193448,159.28352889047815,157.31385497697042,158.21371459960938,140139000,69.19453339875332,6.522246250862395,6.205833461713012,0.31641278914938287,130.1942504119873,21.52127616922956,159.3135223388672,-0.6903417381724013,183387950.0,0.7641668931900923,0.31062480397299197,10.00348299828968,13.04449171760307,-0.006903417381724064,1,17.790000915527344,7,3,0.2207462193406422,22.07462193406422,RSI>50,<10% below,>20% above,Normal (0.75-1x),MACD_Hist_Pos,VIX 15-20,0-1 days,0-5% gain,Jul,0
2025-07-08,159.3035323273478,160.19338386133896,158.36368604860908,159.97341918945312,138133000,70.88218259356374,6.555046008575715,6.275675971085553,0.2793700374901622,130.4163966369629,22.663578594927312,159.97341918945312,0.0,182595290.0,0.7564981550181278,1.2722277620469846,10.980098457089227,12.906527147005352,0.011122326495506485,0,16.809999465942383,7,3,0.2113183132650096,21.13183132650096,RSI>50,<10% below,>20% above,Normal (0.75-1x),MACD_Hist_Pos,VIX 15-20,0-1 days,0-5% gain,Jul,0
2025-07-09,161.1932080055649,164.39267314506114,161.13322041798892,162.85293579101562,183656400,73.44579407192194,6.735747473477744,6.367690271563992,0.3680572019137518,130.66403602600099,24.634858025210036,162.85293579101562,0.0,182522385.0,1.006213018748358,6.249178695868585,10.12848614025852,14.205498909707416,0.017999969095818136,0,15.9399995803833,7,3,0.14728958757506283,14.728958757506284,RSI>50,<10% below,>20% above,Moderate (1-1.5x),MACD_Hist_Pos,VIX 15-20,0-1 days,>5% gain,Jul,0
2025-07-10,164.29270331195812,164.4726660794993,161.5831469026993,164.07273864746094,167704100,74.47116075139363,6.897868251069241,6.473725867465042,0.42414238360419887,130.89528339385987,25.346562835095536,164.07273864746094,0.0,183113495.0,0.9158478461677552,4.356130729341912,6.344373258116254,13.997915681580597,0.007490211033165828,0,15.779999732971191,7,3,0.15893185981418023,15.893185981418023,RSI>50,<10% below,>20% above,Normal (0.75-1x),MACD_Hist_Pos,VIX 15-20,0-1 days,0-5% gain,Jul,0
2025-07-11,163.6927958392512,167.862101078866,163.44283738179527,164.89259338378906,193633300,75.16528467801541,7.011679286540954,6.581316551280224,0.4303627352607293,131.13997631073,25.73785509392181,164.89259338378906,0.0,184410460.0,1.0500125643632146,3.501944444524252,6.386277132367146,15.465942710887148,0.0049968979800461,0,16.399999618530273,7,3,0.13152149360365217,13.152149360365218,RSI>50,<10% below,>20% above,Moderate (1-1.5x),MACD_Hist_Pos,VIX 15-20,0-1 days,0-5% gain,Jul,0
2025-07-14,165.3425116109199,165.4625020418882,161.99307751467913,164.04273986816406,136975800,72.95102182428413,6.9531477172277505,6.655682784469731,0.2974649327580199,131.3791204071045,24.86210849931466,164.89259338378906,-0.515398234805464,183141000.0,0.7479253689780005,3.684273062740595,4.006342132692553,13.15172567168512,-0.005153982348054642,1,17.200000762939453,7,3,0.10544415459265233,10.544415459265233,RSI>50,<10% below,>20% above,Low (<0.75x),MACD_Hist_Pos,VIX 15-20,0-1 days,0-5% gain,Jul,0
2025-07-15,171.1615549258278,172.37134531045626,169.17188012202328,170.671630859375,230627400,78.31664167348183,7.356851920429619,6.795916611661709,0.5609353087679105,131.6283681488037,29.661738772324163,170.671630859375,0.0,185631340.0,1.2423947378713098,6.687493287401836,8.044801195636175,20.23666501838195,0.040409535932759866,0,17.3799991607666,7,3,0.092738791910979,9.273879191097901,RSI>50,<10% below,>20% above,Moderate (1-1.5x),MACD_Hist_Pos,VIX 15-20,0-1 days,>5% gain,Jul,0
2025-07-16,171.03157616389174,171.72146396229547,168.87193138356372,171.34152221679688,158831500,78.77485517267844,7.642744245804579,6.965282138490283,0.6774621073142955,131.86777057647706,29.934343674542458,171.34152221679688,0.0,184416230.0,0.8612663863695728,5.2124245624127985,11.787336983573926,18.439423223372465,0.00392503050477,0,17.15999984741211,7,3,0.05415290250153215,5.415290250153215,RSI>50,<10% below,>20% above,Normal (0.75-1x),MACD_Hist_Pos,VIX 15-20,0-1 days,>5% gain,Jul,0
2025-07-17,171.99141956059896,174.13106334471073,170.80161486292053,172.97125244140625,160841100,79.88834237142756,7.909644128379966,7.154154536468221,0.7554895919117453,132.11267272949217,30.92707070999481,172.97125244140625,0.0,185502885.0,0.8670544396115457,5.423517561357549,10.015903805801019,20.038867036064456,0.009511589505708296,0,16.520000457763672,7,3,0.03404678116600768,3.404678116600768,RSI>50,<10% below,>20% above,Normal (0.75-1x),MACD_Hist_Pos,VIX 15-20,0-1 days,>5% gain,Jul,0
2025-07-18,173.61115431570738,174.22105359276725,171.23154479926822,172.38136291503906,146456400,78.28743473029112,7.981558614010822,7.319635351976742,0.6619232620340805,132.3678201675415,30.22905619874327,172.97125244140625,-0.34103327462869104,184751000.0,0.7927231787649323,4.5416045545598305,8.202593467474761,18.511156252150517,-0.0034103327462868815,1,16.40999984741211,7,3,0.05887298473026692,5.887298473026692,RSI>50,<10% below,>20% above,Normal (0.75-1x),MACD_Hist_Pos,VIX 15-20,0-1 days,0-5% gain,Jul,0
2025-07-21,172.72129949000853,173.35119970444802,170.97159023323564,171.35153198242188,123126100,75.44498259135386,7.86479218375203,7.4286667183318,0.43612546542023,132.61761852264405,29.20721536947531,172.97125244140625,-0.9364102046570153,178759495.0,0.6887807553942799,4.455419435283536,8.30384231611041,19.137998768696974,-0.0059741431161833836,2,16.649999618530273,7,3,0.03763575392170071,3.763575392170071,RSI>50,<10% below,>20% above,Low (<0.75x),MACD_Hist_Pos,VIX 15-20,2 days,0-5% gain,Jul,0
2025-07-22,171.31154005146294,171.36153479867312,164.55266825003173,167.00225830078125,193114300,64.7521920181818,7.336730644885591,7.410279503642558,-0.0735488587569666,132.86786178588866,25.690483805556248,172.97125244140625,-3.4508590626335365,180699765.0,1.0687025519928042,-2.1499604475081924,4.393754379284731,15.856291393182097,-0.02538216980801078,3,16.5,7,3,0.07926806314677659,7.926806314677659,RSI>50,<10% below,>20% above,Moderate (1-1.5x),MACD_Below_Signal,VIX 15-20,3 days,0-5% drop,Jul,1
2025-07-23,169.5018251648929,171.23153339032083,167.94208685699226,170.75161743164062,154082200,68.8507683215721,7.138491926641308,7.355921988242308,-0.2174300616010001,133.12760543823242,28.261615515096693,172.97125244140625,-1.283239254174634,179025570.0,0.8606714672099633,-0.34428594862712103,4.850192968434497,15.469930231276695,0.022450948681822958,0,15.369999885559082,7,3,0.0364795541312366,3.6479554131236602,RSI>50,<10% below,>20% above,Normal (0.75-1x),MACD_Below_Signal,VIX 15-20,0-1 days,0-5% drop,Jul,0
2025-07-24,172.41134882841166,173.80111724784433,171.27153886755505,173.7111358642578,128984600,71.65272208118306,7.137913296696951,7.312320249933237,-0.17440695323628663,133.38215461730957,30.235664855360334,173.7111358642578,0.0,172017475.0,0.7498342828250444,0.4277493585832737,5.87446598152217,12.591537288427258,0.017332301017892293,0,15.390000343322754,7,3,0.035628789143817174,3.5628789143817174,RSI>50,<10% below,>20% above,Low (<0.75x),MACD_Below_Signal,VIX 15-20,0-1 days,0-5% gain,Jul,0
2025-07-25,173.58115848322245,174.69097468726906,172.9312725713388,173.47117614746094,122316800,71.09431556514738,7.036974127204672,7.257251025387524,-0.2202768981828518,133.62515808105468,29.81924858957799,173.7111358642578,-0.13813721014661115,168226030.0,0.7270979407883548,0.6322105905143705,5.202527650047406,11.921052616034622,-0.0013813721014661606,1,14.930000305175781,7,3,0.04593790602489811,4.593790602489811,RSI>50,<10% below,>20% above,Low (<0.75x),MACD_Below_Signal,VIX<15,0-1 days,0-5% gain,Jul,0
2025-07-28,173.99108478739527,176.97058528484683,173.94109004538618,176.7206268310547,140023500,74.04422130526278,7.136912734103333,7.233183367130686,-0.09627063302735284,133.870414352417,32.00872477008513,176.7206268310547,0.0,162065480.0,0.8639933686063189,3.1333801259410876,7.72840478833714,12.044373258249873,0.01873193435220344,0,15.029999732971191,7,3,0.01612519830009118,1.6125198300091181,RSI>50,<10% below,>20% above,Normal (0.75-1x),MACD_Below_Signal,VIX 15-20,0-1 days,0-5% gain,Jul,0
2025-07-29,177.93044011853775,179.35020236643535,174.99092613442062,175.4808349609375,154077500,71.06433235734507,7.034979097628792,7.193542513230308,-0.15856341560151588,134.0836319732666,30.874165905592882,176.7206268310547,-0.7015547037994786,160040340.0,0.9627416437630663,5.076923358057717,2.817811066400977,11.08929956039777,-0.007015547037994785,1,15.979999542236328,7,3,0.0449579107071183,4.49579107071183,RSI>50,<10% below,>20% above,Normal (0.75-1x),MACD_Below_Signal,VIX 15-20,0-1 days,>5% gain,Jul,0
2025-07-30,176.48066791766442,179.86011122312902,176.01074478620916,179.24021911621094,174312200,74.42535288579032,7.1748397526904455,7.1898019611223365,-0.014962208431891,134.3168460083008,33.44582190765102,179.24021911621094,0.0,158098770.0,1.1025525372525036,4.97131553554313,4.609914046065211,16.940637132901948,0.021423331819171443,0,15.479999542236328,7,3,0.01762948140186249,1.762948140186249,RSI>50,<10% below,>20% above,Moderate (1-1.5x),MACD_Below_Signal,VIX 15-20,0-1 days,0-5% gain,Jul,0
2025-07-31,182.86960179799485,183.26954448460754,175.9007587673991,177.84043884277344,221685400,71.113161015409,7.090989249770047,7.1700394188518795,-0.0790501690818326,134.53226539611816,32.191662958427294,179.24021911621094,-0.7809521101566765,160621835.0,1.3801697633450645,2.3771089619391894,2.815026388859976,13.112880529877113,-0.007809521101566741,1,16.719999313354492,7,3,0.04329456211356009,4.329456211356009,RSI>50,<10% below,>20% above,Moderate (1-1.5x),MACD_Below_Signal,VIX 15-20,0-1 days,0-5% gain,Jul,0
2025-08-01,174.06106522140865,176.51065501732398,170.86160006411595,173.69113159179688,204529000,62.26703395990979,6.613486547976493,7.058728844676803,-0.44524229670031,134.72698822021485,28.92081526226512,179.24021911621094,-3.095894187016305,163662480.0,1.2496999923256693,0.12679653716589634,0.7598087488166261,9.024726239087123,-0.02333162962246693,2,20.3799991607666,8,3,0.06487872904049552,6.487872904049552,RSI>50,<10% below,>20% above,Moderate (1-1.5x),MACD_Below_Signal,VIX 20-25,2 days,0-5% gain,Aug,1
2025-08-04,175.1309006070304,180.17005649193501,174.49100755408614,179.9700927734375,148174600,68.62701617520865,6.66489316877653,6.979961709496748,-0.31506854072021806,134.93676231384276,33.37365569425324,179.9700927734375,0.0,164064260.0,0.9031497780199051,1.8387587236714076,5.029754150024024,13.751259319640452,0.03615015415062883,0,17.520000457763672,8,3,0.021114381933304616,2.1114381933304616,RSI>50,<10% below,>20% above,Normal (0.75-1x),MACD_Below_Signal,VIX 15-20,0-1 days,0-5% gain,Aug,0
2025-08-05,179.59015184800575,180.23004490386853,175.87076869322405,178.23037719726562,156407600,65.3408114402443,6.490435083056013,6.882056384208601,-0.391621301152588,135.17017501831054,31.856289431542145,179.9700927734375,-0.9666692667442168,164977990.0,0.9480513127842084,1.5668618381831756,6.723333570892098,11.412494713381838,-0.009666692667442134,1,17.850000381469727,8,3,0.015091811947187894,1.5091811947187894,RSI>50,<10% below,>20% above,Normal (0.75-1x),MACD_Below_Signal,VIX 15-20,0-1 days,0-5% gain,Aug,0
2025-08-06,176.30069964693718,179.87009845787975,176.22071111043454,179.3901824951172,137192300,66.49275125678793,6.372306406231132,6.780106388613108,-0.40779998238197557,135.38879493713378,32.50002157003831,179.9700927734375,-0.3222259150859891,162654785.0,0.8434568955349208,0.08366614348369605,5.059140987015809,10.154712055865733,0.00650733795265368,0,16.770000457763672,8,3,-0.02441412272259258,-2.441412272259258,RSI>50,<10% below,>20% above,Normal (0.75-1x),MACD_Below_Signal,VIX 15-20,0-1 days,0-5% gain,Aug,0
2025-08-07,181.53982980547644,183.84944343505214,178.77028591662776,180.73995971679688,151878400,67.83269855683795,6.314811108382884,6.687047332567063,-0.3722362241841797,135.6081162261963,33.28107840928931,180.73995971679688,0.0,161863500.0,0.9383116020597603,1.6304058249579922,4.046271309878224,10.158434123019289,0.007524253573444106,0,16.56999969482422,8,3,-0.024673587295337196,-2.4673587295337196,RSI>50,<10% below,>20% above,Normal (0.75-1x),MACD_Below_Signal,VIX 15-20,0-1 days,0-5% gain,Aug,0
2025-08-08,181.51982919208731,183.26953833968557,180.3700111699138,182.6696319580078,123396700,69.698312995069,6.351735243460126,6.619984914745677,-0.26824967128555066,135.83173789978028,34.48229020877697,182.6696319580078,0.0,158351670.0,0.7792573327455278,5.169233618278168,5.302584564670054,10.780980642861572,0.010676511404752675,0,15.149999618530273,8,3,-0.027148704036115245,-2.7148704036115245,RSI>50,<10% below,>20% above,Normal (0.75-1x),MACD_Below_Signal,VIX 15-20,0-1 days,>5% gain,Aug,0
2025-08-11,182.01974653412333,183.80944232526838,180.2200426409657,182.0297393798828,138323200,68.2840354331583,6.257234400112253,6.547434811818993,-0.29020041170674027,136.02362144470214,33.82215342199487,182.6696319580078,-0.35030046935885806,158419040.0,0.8731475711505384,1.144438264549974,3.004240446647821,10.964825097516862,-0.0035030046935885517,1,16.25,8,3,-0.06097346401999548,-6.097346401999548,RSI>50,<10% below,>20% above,Normal (0.75-1x),MACD_Below_Signal,VIX 15-20,0-1 days,0-5% gain,Aug,0
2025-08-12,182.9295986692803,184.44933506001817,179.4301803710301,183.1295623779297,145485700,69.43213078469941,6.199622931235325,6.477872435702261,-0.2782495044669355,136.22160385131835,34.435036147283896,183.1295623779297,0.0,154161955.0,0.9437198691467036,2.7487935882229753,4.358725224150439,7.29935693227155,0.0060419962243181136,0,14.729999542236328,8,3,-0.049140033990527465,-4.9140033990527465,RSI>50,<10% below,>20% above,Normal (0.75-1x),MACD_Below_Signal,VIX<15,0-1 days,0-5% gain,Aug,0
2025-08-13,182.5896420373941,183.93942375779682,179.3201965252013,181.559814453125,179871700,65.77250865202649,5.958612710264873,6.374020490614783,-0.4154077803499101,136.43187957763672,33.07726538342395,183.1295623779297,-0.8571788762128716,155213965.0,1.1588628639182048,1.2094485483155504,1.2941265907570276,5.963698760303426,-0.008571788762128718,1,14.489999771118164,8,3,-0.003192364479358445,-0.3192364479358445,RSI>50,<10% below,>20% above,Moderate (1-1.5x),MACD_Below_Signal,VIX<15,0-1 days,0-5% gain,Aug,0
2025-08-14,179.72011917648817,182.98957985829236,179.43017409752198,181.98974609375,129554000,66.29647720516502,5.736179161346257,6.246452224761079,-0.5102730634148216,136.64005661010742,33.18916180856442,183.1295623779297,-0.6224097679147053,153649610.0,0.8431781896485127,0.6914831556405376,2.333162962246682,5.213868504189012,0.0023679889843464252,0,14.829999923706055,8,3,0.009287927773231619,0.9287927773231619,RSI>50,<10% below,>20% above,Normal (0.75-1x),MACD_Below_Signal,VIX<15,0-1 days,0-5% gain,Aug,0
2025-08-15,181.84978375259033,181.86976944489334,178.01041021115256,180.42001342773438,156602200,62.532500555934156,5.371317459789424,6.071425271766747,-0.7001078119773236,136.83473724365234,31.852493790719738,183.1295623779297,-1.479580311890627,154156900.0,1.0158624103105343,-1.2315229992857168,3.8740503180965558,4.663294440163623,-0.008625390714084524,1,15.09000015258789,8,3,0.04866286434563727,4.866286434563727,RSI>50,<10% below,>20% above,Moderate (1-1.5x),MACD_Below_Signal,VIX 15-20,0-1 days,0-5% drop,Aug,0
2025-08-18,180.56999746834546,182.90960499065454,180.5599893659508,181.97975158691406,132008000,64.67839140162154,5.148669114176158,5.88687404024863,-0.7382049260724717,137.04231452941895,32.7909209734256,183.1295623779297,-0.6278673831168382,154600995.0,0.8538625511433481,-0.02746133304318832,1.1166626535034974,6.202582189683881,0.008645039591488768,0,14.989999771118164,8,3,0.03637789828717808,3.637789828717808,RSI>50,<10% below,>20% above,Normal (0.75-1x),MACD_Below_Signal,VIX<15,0-1 days,0-5% drop,Aug,0
2025-08-19,182.39967416584764,182.46966985536903,175.46084035755914,175.61080932617188,185229200,51.66597757694516,4.4074914651700965,5.590997525232924,-1.183506060062827,137.2143985748291,27.98278544390771,183.1295623779297,-4.105701424787521,154206740.0,1.2011744752531568,-4.105701424787522,-1.4697650940806883,5.154751266827851,-0.034998081958037885,1,15.569999694824219,8,3,0.08489724846052993,8.489724846052994,RSI>50,<10% below,>20% above,Moderate (1-1.5x),MACD_Below_Signal,VIX 15-20,0-1 days,0-5% drop,Aug,0
2025-08-20,175.1408920976954,175.9707560164781,168.77195541250927,175.370849609375,215142700,51.24763869812815,3.7574268172850225,5.2242833836433435,-1.466856566358321,137.39482902526856,27.640065389303835,183.1295623779297,-4.236734183060412,157259765.0,1.3680721194006618,-3.408774602679421,-2.2405534293113205,2.705234800826206,-0.0013664290809751733,2,15.6899995803833,8,3,0.07321033551945577,7.321033551945577,RSI>50,<10% below,>20% above,Moderate (1-1.5x),MACD_Below_Signal,VIX 15-20,2 days,0-5% drop,Aug,0
2025-08-21,174.8209444570093,176.87059152353538,173.78110877087863,174.95091247558594,140040900,50.477354855879106,3.1717979706080257,4.81378630103628,-1.641988330428254,137.6060467529297,27.138971436123427,183.1295623779297,-4.466045676156446,157812580.0,0.8873874313441932,-3.867708906268863,-3.2029703062243953,0.713700135089157,-0.0023945663416949925,3,16.600000381469727,8,3,0.07189978913414174,7.1899789134141745,RSI>50,<10% below,>20% above,Normal (0.75-1x),MACD_Below_Signal,VIX 15-20,3 days,0-5% drop,Aug,1
2025-08-22,172.58132291943235,178.56032512128596,171.17155351749952,177.96043395996094,172789400,55.62504827571018,2.91690189324018,4.43440941947706,-1.51750752623688,137.81911727905273,29.12608749309507,183.1295623779297,-2.8226619180692807,160336210.0,1.0776692301757662,-1.3632520145879456,-2.577986251775788,2.5878984118282933,0.017202090813873028,0,14.220000267028809,8,3,0.04792908058646228,4.792908058646228,RSI>50,<10% below,>20% above,Moderate (1-1.5x),MACD_Below_Signal,VIX<15,0-1 days,0-5% drop,Aug,0
2025-08-25,178.3203719824875,181.87977802218637,176.54066896263805,179.78012084960938,163012800,58.43816319803151,2.82911614982433,4.113350765546514,-1.284234615722184,138.03803749084472,30.239551443589,183.1295623779297,-1.829001000618335,161485675.0,1.0094567211611805,-1.2087227936752876,-1.2358521953265256,1.731260279808522,0.010225232930471728,0,14.789999961853027,8,3,0.05039301243329897,5.039301243329897,RSI>50,<10% below,>20% above,Moderate (1-1.5x),MACD_Below_Signal,VIX<15,0-1 days,0-5% drop,Aug,0
2025-08-26,180.03006938032237,182.35968393651802,178.7802771456414,181.7397918701172,168688200,61.28461815305941,2.8844245388145566,3.8675655202001225,-0.9831409813855658,138.24746376037598,31.45976564541275,183.1295623779297,-0.7589001413897287,162216210.0,1.039897307426921,3.490094127726273,-0.7589001413897289,3.5667467108718487,0.01090037658917331,0,14.619999885559082,8,3,0.035050252722409025,3.5050252722409025,RSI>50,<10% below,>20% above,Moderate (1-1.5x),MACD_Below_Signal,VIX<15,0-1 days,0-5% gain,Aug,0
2025-08-27,181.94975068857377,182.45967569067753,179.07023971825097,181.56982421875,235518900,60.89507146738448,2.8813277142526488,3.6703179590106276,-0.7889902447579789,138.4275514984131,31.165958115521157,183.1295623779297,-0.8517129287737889,165276545.0,1.4249989313365667,3.5347805083813633,0.005513205471796567,1.2997111440868458,-0.0009352252999643706,1,14.850000381469727,8,3,0.03117285299377448,3.117285299377448,RSI>50,<10% below,>20% above,Moderate (1-1.5x),MACD_Below_Signal,VIX<15,0-1 days,0-5% gain,Aug,0
2025-08-28,180.7899615720414,184.43934897141472,176.3806906932069,180.1400604248047,281787800,57.57949833888166,2.7320105523096174,3.482656477670426,-0.7506459253608084,138.58414680480956,29.986051491535342,183.1295623779297,-1.6324518632089995,168281665.0,1.6745009029949876,2.9660593796233536,-1.0163680694364352,1.2930813694540522,-0.00787445711365986,2,14.430000305175781,8,3,0.04973741830083345,4.973741830083345,RSI>50,<10% below,>20% above,High (1.5-2x),MACD_Below_Signal,VIX<15,2 days,0-5% gain,Aug,0
2025-08-29,178.08040158317536,178.12038822306508,173.12121914292007,174.1510467529297,243257900,46.22581586212235,2.1061340720928854,3.2073519965549178,-1.1012179244620324,138.71704467773438,25.544086638750933,183.1295623779297,-4.902821537066081,170218110.0,1.4290952942668673,-2.14058098323604,-3.474651484446134,0.2647890867644831,-0.03324642868305783,3,15.359999656677246,8,3,0.062468397235718065,6.2468397235718065,RSI 45-50,<10% below,>20% above,Moderate (1-1.5x),MACD_Below_Signal,VIX 15-20,3 days,0-5% drop,Aug,1
2025-09-02,169.9717482776903,172.351357635579,167.19221149694363,170.75161743164062,231164900,41.25343507675842,1.3205939315115245,2.8300003835462393,-1.5094064520347148,138.844790725708,22.980211601143534,183.1295623779297,-6.759118945932031,174367625.0,1.3257329163025533,-5.0219698236388055,-6.169990923364265,-5.122226254226536,-0.019520005102879878,4,17.170000076293945,9,3,0.0825665585201858,8.256655852018579,RSI 40-45,<10% below,>20% above,Moderate (1-1.5x),MACD_Below_Signal,VIX 15-20,4 days,5-10% drop,Sep,1
2025-09-03,171.03158891427162,172.38137081666613,168.851958278929,170.59165954589844,164424900,41.02978791595762,0.6773325777032255,2.3994668223776365,-1.722134244674411,138.95659309387207,22.766150024026068,183.1295623779297,-6.846465785877008,174768490.0,0.9408154753754524,-6.134117470645018,-2.858109816549559,-4.285867410196098,-0.0009367869432114206,5,16.350000381469727,9,3,0.08405061049321128,8.405061049321127,RSI 40-45,<10% below,>20% above,Normal (0.75-1x),MACD_Below_Signal,VIX 15-20,5 days,5-10% drop,Sep,2
2025-09-04,170.54166973363456,171.83144870716828,169.381858788342,171.63148498535156,141670100,43.18603171322519,0.24858303267927795,1.969290064437965,-1.720707031758687,139.08369049072266,23.401589632682306,183.1295623779297,-6.278657166694482,174992380.0,0.8095786799402351,-5.4735632840757775,-2.1322612237738348,-4.3250402011140165,0.006095406083867605,0,15.300000190734863,9,3,0.0825516194331084,8.25516194331084,RSI 40-45,<10% below,>20% above,Normal (0.75-1x),MACD_Below_Signal,VIX 15-20,0-1 days,5-10% drop,Sep,0
2025-09-05,168.00209055003162,169.0019244592772,164.04275681292185,166.9922637939453,224441400,36.73265752424163,-0.4602450310576671,1.4833830453388388,-1.943628076396506,139.18514266967773,19.978512498464767,183.1295623779297,-8.811957159970367,178620530.0,1.2565263354665894,-7.298652281926832,-4.549075262897661,-7.606340039243653,-0.027030129068697395,1,15.180000305175781,9,3,0.09663811374355191,9.663811374355191,RSI 35-40,<10% below,10-20% above,Moderate (1-1.5x),MACD_Below_Signal,VIX 15-20,0-1 days,5-10% drop,Sep,1
2025-09-08,167.5221599855096,170.93159698121408,167.32219627229085,168.2820281982422,163769100,39.44200690875932,-0.9074625070779518,1.0052139348554807,-1.9126764419334326,139.31693428039551,20.790791921641215,183.1295623779297,-8.107666499549767,180639150.0,0.9066091154658334,-3.370073659685746,-5.4385154870415064,-7.87629755726067,0.007723497933343371,0,15.109999656677246,9,3,0.11146679462568487,11.146679462568487,RSI 35-40,<10% below,>20% above,Normal (0.75-1x),MACD_Below_Signal,VIX 15-20,0-1 days,0-5% drop,Sep,1
2025-09-09,169.0618925540675,170.95157781434446,166.71229229208453,170.7316131591797,157548400,44.319073416252444,-1.0520966295025005,0.5937518219838844,-1.645848451486385,139.47012023925782,22.4144733411669,183.1295623779297,-6.770042508573247,181600410.0,0.8675553100348177,-0.011715421945535098,-5.033096900629519,-6.206747457416705,0.014556426417988044,0,15.039999961853027,9,3,0.09071721529596699,9.071721529596699,RSI 40-45,<10% below,>20% above,Normal (0.75-1x),MACD_Below_Signal,VIX 15-20,0-1 days,0-5% drop,Sep,0
2025-09-10,176.61064931709572,179.26020289704138,175.44084555219968,177.300537109375,226852000,54.82573432115764,-0.6294075313352039,0.3491199513200668,-0.9785274826552707,139.62186431884766,26.986226673268305,183.1295623779297,-3.1830061694382046,185668725.0,1.2218105122443212,3.932711353729168,-2.4426432511349905,-3.1830061694382072,0.03847514721289991,0,15.350000381469727,9,3,0.004285529375962938,0.42855293759629376,RSI>50,<10% below,>20% above,Moderate (1-1.5x),MACD_Below_Signal,VIX 15-20,0-1 days,0-5% gain,Sep,0
2025-09-11,179.66027757334626,180.26021784214308,176.4606317396978,177.1505584716797,151159300,54.57254097309414,-0.303032231432411,0.2186895147695712,-0.5217217462019822,139.77845626831055,26.736668297174376,183.1295623779297,-3.264903726417999,184233105.0,0.8204784910942037,3.215653285758835,-2.4339208159094294,-2.4285417974932444,-0.0008459006393353175,1,14.710000038146973,9,3,0.03477003229788367,3.477003229788367,RSI>50,<10% below,>20% above,Normal (0.75-1x),MACD_Below_Signal,VIX<15,0-1 days,0-5% gain,Sep,0
2025-09-12,177.75047851465564,178.5803891806412,176.43061617633268,177.80047607421875,124911000,55.53092487464609,0.007973549963878668,0.17654632180843272,-0.16857277184455405,139.93439933776855,27.059877282247406,183.1295623779297,-2.910008758014258,184000955.0,0.6788606070006539,6.472283227209785,-1.298758502172559,-2.301926404893817,0.003668730192814884,0,14.760000228881836,9,3,0.039535948683920186,3.9535948683920186,RSI>50,<10% below,>20% above,Low (<0.75x),MACD_Below_Signal,VIX<15,0-1 days,>5% gain,Sep,0
2025-09-15,175.65071055071581,178.830369337568,174.49083425075145,177.73048400878906,147061600,55.39538413968494,0.24596476891571228,0.19043001122988862,0.055534757685823666,140.11358306884765,26.847433429389632,183.1295623779297,-2.9482287289030884,183523925.0,0.8013211356502974,5.61465529724674,2.0553636183063384,-1.4907045886140446,-0.00039365510697775274,1,15.6899995803833,9,3,0.05586746619195382,5.586746619195382,RSI>50,<10% below,>20% above,Normal (0.75-1x),MACD_Hist_Pos,VIX 15-20,0-1 days,>5% gain,Sep,0
2025-09-16,176.98057174387853,177.4805168617991,174.36086420825131,174.86080932617188,140737800,50.006151830833645,0.2007021906330806,0.19248444711052703,0.008217743522553556,140.30805671691894,24.626349632199286,183.1295623779297,-4.515247535345141,183960415.0,0.7650439362185609,2.4185305173344718,2.4065317543339404,-3.9119419598406036,-0.016146215426247723,2,16.360000610351562,9,3,0.06633336468965356,6.633336468965356,RSI>50,<10% below,>20% above,Normal (0.75-1x),MACD_Hist_Pos,VIX 15-20,2 days,0-5% gain,Sep,0
2025-09-17,172.62104942275718,173.18098551277336,168.39151800406466,170.27130126953125,211843800,42.82960463173142,-0.20316175060960973,0.1133552075664997,-0.3165169581761094,140.47508460998534,21.211033075560724,183.1295623779297,-7.021401100638508,185291145.0,1.1433023418361412,-3.9645880122221366,-0.18779246137821115,-3.040534963154373,-0.0262466362492908,3,15.720000267028809,9,3,0.10711432130407128,10.711432130407129,RSI 40-45,<10% below,>20% above,Moderate (1-1.5x),MACD_Below_Signal,VIX 15-20,3 days,0-5% drop,Sep,1
2025-09-18,173.96089569350613,177.08056354559588,172.94101865721873,176.2206573486328,191763300,52.371735652744235,-0.04267162703257554,0.08214984064668465,-0.1248214676792602,140.67975624084474,25.26369255782744,183.1295623779297,-3.7726869106140115,184122175.0,1.0415002972890148,-0.5249213612812498,2.6738522734758963,0.4845775344937353,0.034940451119733984,0,15.699999809265137,9,3,0.08676046518091884,8.676046518091884,RSI>50,<10% below,>20% above,Moderate (1-1.5x),MACD_Below_Signal,VIX 15-20,0-1 days,0-5% drop,Sep,0
2025-09-19,175.7506939671915,178.06043774665943,175.16074718989944,176.6505889892578,237182100,52.98246413263065,0.11785132575749913,0.08929013766884755,0.028561188088651573,140.87203315734862,25.397912580665267,183.1295623779297,-3.537917802315845,188979235.0,1.2550696376773882,-0.646728912289829,5.783696188004295,0.9715162325369731,0.0024397346321005653,0,15.449999809265137,9,3,0.08971939383464056,8.971939383464056,RSI>50,<10% below,>20% above,Moderate (1-1.5x),MACD_Hist_Pos,VIX 15-20,0-1 days,0-5% drop,Sep,0
2025-09-22,175.28075846993005,184.52974299714734,174.69082690233378,183.58984375,269637000,61.55196736408093,0.7958329212418676,0.23059869438345154,0.5652342268584161,141.0971071624756,30.115951660577515,183.58984375,0.0,193821615.0,1.391160629839969,3.2967668849206433,9.096524278709461,3.163292909987847,0.039282375453410845,0,16.100000381469727,9,3,0.04101433674120725,4.101433674120725,RSI>50,<10% below,>20% above,Moderate (1-1.5x),MACD_Hist_Pos,VIX 15-20,0-1 days,0-5% gain,Sep,0
2025-09-23,181.95002022927713,182.3999677661597,176.19065819152993,178.410400390625,192559600,53.68663774161121,0.9047707930673141,0.36543311412022406,0.5393376789470901,141.2881371307373,26.27415437259079,183.58984375,-2.8212036426306946,195298955.0,0.9859735296586712,2.0299523250129736,4.497577858815216,-0.7618864936297265,-0.028212036426306986,1,16.639999389648438,9,3,0.0402978745677498,4.02978745677498,RSI>50,<10% below,>20% above,Normal (0.75-1x),MACD_Hist_Pos,VIX 15-20,0-1 days,0-5% gain,Sep,0
2025-09-24,179.75025700209653,179.76025041106172,175.38072666046574,176.9505615234375,143564100,51.68206702560167,0.8633558167097135,0.46501765463812195,0.39833816207159156,141.4474775695801,25.099835333855935,183.58984375,-3.6163668375922895,194042750.0,0.7398580982798894,3.922716396777459,-0.19739115946478814,-2.6352128487647786,-0.008182476268150385,2,16.18000030517578,9,3,0.019099510961458455,1.9099510961458455,RSI>50,<10% below,>20% above,Low (<0.75x),MACD_Hist_Pos,VIX 15-20,2 days,0-5% gain,Sep,0
2025-09-25,174.4608472798892,180.2402117285651,173.11100459099512,177.67050170898438,191586700,52.621599396719596,0.8785004988468756,0.5477142234798728,0.3307862753670029,141.6107675933838,25.463977583358094,183.58984375,-3.224220861082151,191846140.0,0.9986476663017562,0.822743702222839,0.29350358350002104,-2.147560877223653,0.00406859508864299,0,16.739999771118164,9,3,-0.019642704701397617,-1.9642704701397617,RSI>50,<10% below,>20% above,Normal (0.75-1x),MACD_Hist_Pos,VIX 15-20,0-1 days,0-5% gain,Sep,0
2025-09-26,178.15043859744398,179.750269051669,174.91078879333958,178.17044067382812,148573700,53.30067674241877,0.9202357598382207,0.6222185307515424,0.29801722908667827,141.7896530151367,25.658281041711557,183.58984375,-2.9519078863380073,185185435.0,0.802296897701485,0.860371705108065,0.2080785202481339,-1.0933824193973374,0.00281385463560313,0,15.289999961853027,9,3,-0.035357961896028134,-3.5357961896028134,RSI>50,<10% below,>20% above,Normal (0.75-1x),MACD_Hist_Pos,VIX 15-20,0-1 days,0-5% gain,Sep,0
2025-09-29,180.41019002973698,183.97980553666213,180.30021674934378,181.83004760742188,193063500,58.04157036701832,1.23438176517692,0.744651177636618,0.48973058754030196,142.0049806213379,28.044838154148376,183.58984375,-0.9585476552692611,182675715.0,1.056864619361145,-0.9585476552692596,2.3066181479762804,4.409391156509379,0.020539921884648038,0,16.1200008392334,9,3,0.019633255440772768,1.9633255440772768,RSI>50,<10% below,>20% above,Moderate (1-1.5x),MACD_Hist_Pos,VIX 15-20,0-1 days,0-5% drop,Sep,0
2025-09-30,182.06000352373024,187.32942897828707,181.4600633204032,186.55950927734375,236981000,63.235962958462686,1.84371951778445,0.9644648456661845,0.8792546721182656,142.26264938354493,31.13737870463314,186.55950927734375,0.0,182966520.0,1.2952151027412009,4.567619863458905,6.690292694087918,9.257828466562978,0.026010341701790507,0,16.280000686645508,9,3,0.018601032980860133,1.8601032980860133,RSI>50,<10% below,>20% above,Moderate (1-1.5x),MACD_Hist_Pos,VIX 15-20,0-1 days,0-5% gain,Sep,0
2025-10-01,185.21967144700423,188.11934700723293,183.87980694521147,187.21945190429688,173844900,63.90741149173459,2.3527548381566135,1.2421228441642704,1.110631993992343,142.50242485046385,31.379835887534703,187.21945190429688,0.0,183437520.0,0.9477063361955613,5.803253910273254,9.953615499735635,9.747130898814337,0.0035374376225016935,0,16.290000915527344,10,4,0.006998916184323356,0.6998916184323356,RSI>50,<10% below,>20% above,Normal (0.75-1x),MACD_Hist_Pos,VIX 15-20,0-1 days,>5% gain,Oct,0
2025-10-02,189.57919146332628,191.0290292282152,188.03935198339767,188.8692626953125,136805800,65.59892024917855,2.8563685016840736,1.5649719756682312,1.2913965260158424,142.76029609680177,32.2981724325127,188.8692626953125,0.0,183194305.0,0.7467797647967277,6.303106525061297,7.177708639263458,10.04348223837377,0.00881217616136909,0,16.6299991607666,10,4,0.006197175315421077,0.6197175315421077,RSI>50,<10% below,>20% above,Low (<0.75x),MACD_Hist_Pos,VIX 15-20,0-1 days,>5% gain,Oct,0
2025-10-03,189.1692307003317,190.33910041164867,185.35965145286306,187.59939575195312,137596900,63.14585103231463,3.117086476183374,1.87539487577126,1.2416916004121141,143.02726295471192,31.163382334565483,188.8692626953125,-0.6723523591067058,178852080.0,0.7693335185142941,5.292098421301161,6.19800184383259,12.34017162821106,-0.006723523591067093,1,16.649999618530273,10,4,-0.0035688275274646797,-0.35688275274646797,RSI>50,<10% below,>20% above,Normal (0.75-1x),MACD_Hist_Pos,VIX 15-20,0-1 days,>5% gain,Oct,0
2025-10-06,185.4796339074747,187.20943969833962,183.3098739831843,185.51962280273438,157678100,59.23869306079239,3.1199225289026344,2.124300406397535,0.9956221225050994,143.2950772857666,29.466850024974235,188.8692626953125,-1.77352304169357,178547530.0,0.8831155491201699,2.0291339324061797,1.0511360614055665,10.243277187143063,-0.011086245458746924,2,16.3700008392334,10,4,-0.014658896446468228,-1.4658896446468228,RSI>50,<10% below,>20% above,Normal (0.75-1x),MACD_Hist_Pos,VIX 15-20,2 days,0-5% gain,Oct,0
2025-10-07,186.20955566811082,189.03924688644503,183.97980469837793,185.01968383789062,140088000,58.3047808324891,3.0467086638500973,2.3087820578880476,0.7379266059620497,143.56843925476073,28.872114789501254,188.8692626953125,-2.038224114652308,177674510.0,0.7884529975627905,-0.8253803011263217,3.7045393277492566,8.368731727140432,-0.002694803694029413,3,17.239999771118164,10,4,-0.00032262720146469803,-0.0322627201464698,RSI>50,<10% below,>20% above,Normal (0.75-1x),MACD_Hist_Pos,VIX 15-20,3 days,0-5% drop,Oct,1
2025-10-08,186.5495190429729,189.57918508139647,186.51950830089396,189.0892333984375,130168900,63.36747288898223,3.2792634790936006,2.5028783421291583,0.7763851369644423,143.86954650878906,31.43103456358358,189.0892333984375,0.0,172840355.0,0.7531163656774484,0.9987111248976444,6.859922777578875,6.648990737005023,0.021995224919487466,0,16.299999237060547,10,4,-0.0059200371331791235,-0.5920037133179124,RSI>50,<10% below,>20% above,Normal (0.75-1x),MACD_Hist_Pos,VIX 15-20,0-1 days,0-5% gain,Oct,0
2025-10-09,192.20888438710807,195.27855455286462,191.039014711271,192.54885864257812,182997200,67.03228335083861,3.7000755221463635,2.7423177781325996,0.9577577440137639,144.1791049194336,33.54837980869229,192.54885864257812,0.0,174432250.0,1.0491018719302194,1.948223810881089,8.374128958088821,8.692210910167741,0.018296257179543973,0,16.43000030517578,10,4,-0.02419659681420272,-2.419659681420272,RSI>50,<10% below,>20% above,Moderate (1-1.5x),MACD_Hist_Pos,VIX 15-20,0-1 days,0-5% gain,Oct,0
2025-10-10,193.4887469873255,195.59851591827854,182.03001384654092,183.139892578125,268774400,51.84205302802135,3.2370326729903525,2.84126075710415,0.3957719158862023,144.42152503967284,26.80927758366778,192.54885864257812,-4.886534322137255,181625420.0,1.479828098952228,-2.3771415445946076,2.7891562065529785,3.0030383617631218,-0.04886534322137259,1,21.65999984741211,10,4,0.036419403152207375,3.6419403152207375,RSI>50,<10% below,>20% above,Moderate (1-1.5x),MACD_Hist_Pos,VIX 20-25,0-1 days,0-5% drop,Oct,1
2025-10-13,187.9493639887039,190.08912842775598,185.93959015922437,188.29933166503906,153482800,57.525985704739426,3.248939739154821,2.9227965535142846,0.32614318564053635,144.6649005126953,30.162417419638388,192.54885864257812,-2.2069863241450394,181946480.0,0.8435601502156018,1.4983368445398382,3.5578740382803176,5.946558754505693,0.02817212030804872,0,19.030000686645508,10,4,0.01720829617552444,1.720829617552444,RSI>50,<10% below,>20% above,Normal (0.75-1x),MACD_Hist_Pos,VIX 15-20,0-1 days,0-5% gain,Oct,0
2025-10-14,184.74970821605342,184.77970370013514,179.6802578066599,180.01022338867188,205641400,47.77083841218427,2.5600042761927853,2.850238098049985,-0.2902338218571998,144.86408126831054,24.26146068276599,192.54885864257812,-6.511923956496305,185191660.0,1.1104247351095615,-2.7075283803900008,-3.5105612756171856,2.944864593926644,-0.044020911827305276,1,20.809999465942383,10,4,0.07127009489580116,7.127009489580116,RSI 45-50,<10% below,>20% above,Moderate (1-1.5x),MACD_Below_Signal,VIX 20-25,0-1 days,0-5% drop,Oct,1
2025-10-15,184.77971248532194,184.84969686580231,177.2705272995106,179.8102569580078,214450500,47.5613029803234,1.97511444862036,2.6752133681640604,-0.7000989195437004,145.06371177673338,23.952610032998887,192.54885864257812,-6.615776262905065,185321995.0,1.1571778082790443,-4.907194488899103,-3.9574920612824527,5.602209895240562,-0.0011108615216387507,2,20.639999389648438,10,4,0.087531997713858,8.7531997713858,RSI 45-50,<10% below,>20% above,Moderate (1-1.5x),MACD_Below_Signal,VIX 20-25,2 days,0-5% drop,Oct,1
2025-10-16,182.20999112544493,183.2598789113643,179.75026972003684,181.7900390625,179723300,49.904136648978714,1.6522903419220256,2.470628762915654,-0.8183384209936282,145.28783638000488,25.124059654259334,192.54885864257812,-5.587578994716013,184719995.0,0.9729498964094276,-5.587578994716013,-3.7482137282617733,3.1604590504101804,0.011010395836064779,0,25.309999465942383,10,4,0.016997359027251857,1.6997359027251857,RSI 45-50,<10% below,>20% above,Normal (0.75-1x),MACD_Below_Signal,VIX 25-30,0-1 days,5-10% drop,Oct,2
2025-10-17,180.1602152773484,184.07979842608083,179.7302697995737,183.19989013671875,173135200,51.5637266693209,1.4930027047949466,2.2751035512915125,-0.782100846496566,145.51661109924316,25.896204393995525,192.54885864257812,-4.855374667898472,181517650.0,0.953820193242916,0.03276050769120964,-2.3451598005419294,3.7074889956122403,0.007755381326113531,0,20.780000686645508,10,4,-0.03285738987262232,-3.2857389872622322,RSI>50,<10% below,>20% above,Normal (0.75-1x),MACD_Below_Signal,VIX 20-25,0-1 days,0-5% gain,Oct,1
2025-10-20,183.10990104163824,185.1796658652692,181.7100455780644,182.6199493408203,128544700,50.817945935334315,1.3049273392271914,2.0810683088786486,-0.7761409696514572,145.758480758667,25.2894160190823,192.54885864257812,-5.156566168064651,174463035.0,0.7368019248318132,-3.01614576854774,-1.563000947343085,-0.5282941525351581,-0.0031656175965260047,1,18.229999542236328,10,4,-0.0008204254263868282,-0.08204254263868282,RSI>50,<10% below,>20% above,Low (<0.75x),MACD_Below_Signal,VIX 15-20,0-1 days,0-5% drop,Oct,0
2025-10-21,182.76991679751694,182.76991679751694,179.7802549646251,181.14010620117188,124240200,48.87538883101796,1.0246537130215074,1.8697853897072203,-0.8451316766857129,145.97285774230957,24.09163525519528,192.54885864257812,-5.925120783283337,171047065.0,0.7263509607721126,0.6276770236879337,-2.0968458902556164,1.5300149568468369,-0.008103403516373953,2,17.8700008392334,10,4,-0.006071838747866876,-0.6071838747866876,RSI 45-50,<10% below,>20% above,Low (<0.75x),MACD_Below_Signal,VIX 15-20,2 days,0-5% gain,Oct,0
2025-10-22,181.12011433169937,183.4198648953589,176.74059027394597,180.2602081298828,162249600,47.70764906703485,0.7231978496176623,1.6404678816893088,-0.9172700320716465,146.1520453643799,23.337451542649262,192.54885864257812,-6.382094705378813,171981340.0,0.9434139773535897,0.25023665473102863,-4.66923743349823,1.87037926184086,-0.004857555235790012,3,18.600000381469727,10,4,0.015366021324865198,1.5366021324865198,RSI 45-50,<10% below,>20% above,Normal (0.75-1x),MACD_Below_Signal,VIX 15-20,3 days,0-5% gain,Oct,1
2025-10-23,180.4001849787377,183.0098989665471,179.7702492811968,182.13999938964844,111363700,50.432333802319995,0.628727768247046,1.4381198590008564,-0.8093920907538104,146.3158401489258,24.484129130693894,192.54885864257812,-5.405827552710296,167970190.0,0.6629968091361925,0.1925079773089866,-5.405827552710296,2.5156104348626585,0.010428209748937878,0,17.299999237060547,10,4,0.006533868119795283,0.6533868119795283,RSI>50,<10% below,>20% above,Low (<0.75x),MACD_Below_Signal,VIX 15-20,0-1 days,0-5% gain,Oct,0
2025-10-24,183.81980015643103,187.44940625639555,183.47984116964938,186.23953247070312,131296700,55.83674759658319,0.874576038388426,1.3254110948783704,-0.4508350564899444,146.5465673828125,27.08556453881564,192.54885864257812,-3.276740364162213,167106340.0,0.7857074722598796,1.6591944087498867,1.6924984769530083,4.528861109821736,0.0225075935807193,0,16.3700008392334,10,4,-0.045259743356093174,-4.525974335609318,RSI>50,<10% below,>20% above,Normal (0.75-1x),MACD_Below_Signal,VIX 15-20,0-1 days,0-5% gain,Oct,0
2025-10-27,189.9691435897376,191.97891738858848,188.4093020699799,191.46897888183594,153452700,61.58985030137299,1.474389342226175,1.3552067443479312,0.1191825978782437,146.8035917663574,30.425268604166654,192.54885864257812,-0.5608341531365457,165125800.0,0.9293078368129026,4.845598508244486,1.6833024253295248,5.301066243586372,0.028079142713459238,0,15.789999961853027,10,4,-0.04611124335766559,-4.611124335766559,RSI>50,<10% below,>20% above,Normal (0.75-1x),MACD_Hist_Pos,VIX 15-20,0-1 days,0-5% gain,Oct,0
2025-10-28,193.0288146936141,203.12769700573313,191.8889404255143,201.0079345703125,297986200,69.41624406850673,2.6884687167669483,1.6218591388317347,1.0666095779352136,147.1293039703369,36.61991808976286,201.0079345703125,0.0,168176060.0,1.7718705028527841,10.96821062204505,11.664732583717253,7.7446737231117835,0.04981984937812545,0,16.420000076293945,10,4,-0.08083225589785847,-8.083225589785847,RSI>50,<10% below,>20% above,High (1.5-2x),MACD_Hist_Pos,VIX 15-20,0-1 days,>5% gain,Oct,0
2025-10-29,207.95717223581016,212.1667169482571,204.7575264516481,207.01727294921875,308829600,73.13060493515215,4.088410106342508,2.1151693323338896,1.9732407740086182,147.49845848083496,40.35216034214846,207.01727294921875,0.0,174925295.0,1.765494235696444,14.84357812349617,15.130958851565834,10.574660294936745,0.029896025705414164,0,16.920000076293945,10,4,-0.10137933840462698,-10.137933840462699,RSI>50,<10% below,>20% above,High (1.5-2x),MACD_Hist_Pos,VIX 15-20,0-1 days,>5% gain,Oct,0
2025-10-30,205.12746791137428,206.13736677538768,201.38788833732997,202.8677215576172,178864400,67.07300981094775,4.807620370567776,2.6536595399806666,2.153960830587109,147.85421295166014,37.207941192682355,207.01727294921875,-2.0044469393717916,177028225.0,1.0103722160689348,11.380104445716155,11.594520031909239,7.4117189120853855,-0.020044469393717956,1,16.90999984741211,10,4,-0.09724426348607562,-9.724426348607562,RSI>50,<10% below,>20% above,Moderate (1-1.5x),MACD_Hist_Pos,VIX 15-20,0-1 days,>5% gain,Oct,0
2025-10-31,206.42733011185774,207.94716749796044,202.04782138155986,202.4677734375,179802200,66.50124418417803,5.284411805942085,3.1798099931729507,2.1046018127691344,148.18557487487794,36.63122986731725,207.01727294921875,-2.1976424705559423,179138490.0,1.0037050105758958,8.713639231965796,10.517409855651106,7.925599987116194,-0.0019714724306379994,2,17.440000534057617,10,4,-0.10973486328360516,-10.973486328360515,RSI>50,<10% below,>20% above,Moderate (1-1.5x),MACD_Hist_Pos,VIX 15-20,2 days,>5% gain,Oct,0
2025-11-03,208.05714970598171,211.31678618801203,205.53742218982754,206.85728454589844,180267300,69.56747863860494,5.947905562464399,3.7334291070312404,2.2144764554331586,148.55223007202147,39.24885842885654,207.01727294921875,-0.0772826349420406,180267950.0,0.9999963942564388,8.036970664349408,13.27200850321364,11.501565937233881,0.0216800483053341,0,17.170000076293945,11,4,-0.11426855659004154,-11.426855659004154,RSI>50,<10% below,>20% above,Normal (0.75-1x),MACD_Hist_Pos,VIX 15-20,0-1 days,>5% gain,Nov,0
2025-11-04,202.9777066091775,203.9476013046771,197.90825607143535,198.66818237304688,188919300,58.76128412016722,5.74669274182034,4.136081833989061,1.610610907831279,148.85724647521974,33.46221771347837,207.01727294921875,-4.033040556098864,182709515.0,1.0339872009402467,-1.164009869693572,9.676529698182112,7.376781892630779,-0.039588173995557474,1,19.0,11,4,-0.08425198991268612,-8.425198991268612,RSI>50,<10% below,>20% above,Moderate (1-1.5x),MACD_Hist_Pos,VIX 15-20,0-1 days,0-5% drop,Nov,0
2025-11-05,198.7481902403631,202.89772869539195,194.6286320152979,195.18858337402344,171350300,54.86174127726886,5.2459831446207374,4.358062096115396,0.8879210485053415,149.12927001953125,30.885495079845736,207.01727294921875,-5.71386600097707,184768585.0,0.9273778873178035,-5.713866000977075,8.281569958792169,3.2256463606966657,-0.017514626436203384,2,18.010000228881836,11,4,-0.0757656478770633,-7.57656478770633,RSI>50,<10% below,>20% above,Normal (0.75-1x),MACD_Hist_Pos,VIX 15-20,2 days,5-10% drop,Nov,0
2025-11-06,196.39843756369172,197.59830279082226,186.35954634625867,188.05935668945312,223029800,47.85455573771255,4.225192777166825,4.331488232325682,-0.10629545515885663,149.33445755004882,25.931656882622562,207.01727294921875,-9.157649499332354,186770215.0,1.1941400827749757,-7.299517515386633,3.249894213045157,-2.3316170164678574,-0.03652481390732354,3,19.5,11,4,-0.05051255783324782,-5.051255783324782,RSI 45-50,<10% below,>20% above,Moderate (1-1.5x),MACD_Below_Signal,VIX 15-20,3 days,5-10% drop,Nov,1
2025-11-07,184.87970536775757,188.29934352754728,178.8903723972709,188.1293487548828,264942300,47.924878414074534,3.3828613118492683,4.1417628482304,-0.7589015363811313,149.5392453765869,25.806003822684726,207.01727294921875,-9.123839728566582,186578610.0,1.4200036113464454,-7.081830574406611,1.0147234902863511,2.7243961468577327,0.0003721807128440613,0,19.079999923706055,11,4,-0.08201459213439266,-8.201459213439266,RSI 45-50,<10% below,>20% above,Moderate (1-1.5x),MACD_Below_Signal,VIX 15-20,0-1 days,5-10% drop,Nov,0
